phraseId,dir,repeat,category,traps,zh,inputTranscript,outputTranscript,inputDurationMs,outputAudioMs,ttfa_from_end_ms,ttft_from_end_ms,completion_lag_ms,ttfa_from_start_ms,number_ok,negation_ok,coverage_ratio,cer,adequacy,fluency,judge_flags,judge_reason,turnCompleted
"T001","en","1","directions","","請問車站在哪裡?怎麼走比較快?","请 问 车 站 在 哪 里 ? 怎 么 走 比 较 快 ?","Excuse me, where is the station? What's the fastest way to get there?","3211","3940","915","914","1906","4314","true","true","1","0","5","5","","The machine translation is perfect and identical to the reference translation.","true"
"T001","en","2","directions","","請問車站在哪裡?怎麼走比較快?","请 问 车 站 在 哪 里 ? 怎 么 走 比 较 快 ?","Excuse me, where is the station? What's the fastest way to get there?","3211","4180","1035","1035","1891","4436","true","true","1","0","5","5","","The machine translation is identical to the reference translation and perfectly conveys the meaning of the source text in natural English.","true"
"T001","en","3","directions","","請問車站在哪裡?怎麼走比較快?","请 问 车 站 在 哪 里 ? 怎 么 走 比 较 快 ?","Excuse me, where is the station? What's the fastest way to get there?","3211","3750","948","947","1806","4347","true","true","1","0","5","5","","The machine translation is perfect and identical to the reference translation.","true"
"T001","ja","1","directions","","請問車站在哪裡?怎麼走比較快?","请 问 车 站 在 哪 里 ? 怎 么 走 比 较 快 ?","駅はどこですか?どう行けば早いですか?","3211","3030","959","954","1678","4358","true","true","0.68","0","5","5","","譯文準確且流暢地表達了原文的意思。「請問」雖然沒有翻譯出來，但「駅はどこですか」本身已具備禮貌語氣，不影響整體語意與忠實度。","true"
"T001","ja","2","directions","","請問車站在哪裡?怎麼走比較快?","请 问 车 站 在 哪 里 ? 怎 么 走 比 较 快 ?","すみません、駅はどこですか?どう行けば早いですか?","3211","3760","1003","1003","2096","4403","true","true","0.88","0","5","5","","譯文非常準確且自然，完整傳達了原文的意思，日語表達十分道地且文法完全正確。","true"
"T001","ja","3","directions","","請問車站在哪裡?怎麼走比較快?","请 问 车 站 在 哪 里 ? 怎 么 走 比 较 快 ?","あの、駅はどこにありますか?どう行ったら早いですか?","3211","4200","967","966","1774","4367","true","true","0.92","0","5","5","","譯文非常準確且自然。「あの、駅はどこにありますか？」與「どう行ったら早いですか？」皆符合日語口語表達習慣，語意與原文完全一致。","true"
"T002","en","1","directions","code-switch|proper-noun","請問 Shibuya Sky 的入口是在這棟樓嗎?","请 问 旭 不 亚 Sky 的 入 口 是 在 这 栋 楼 吗 ?","Excuse me, is the entrance for Shibuya Sky in this building?","3811","3481","975","975","1817","4976","true","true","1.021","0.381","5","5","","The translation is highly accurate and natural, perfectly conveying the meaning of the source text. The use of 'entrance for' instead of 'entrance to' is minor and does not impact comprehension or fluency.","true"
"T002","en","2","directions","code-switch|proper-noun","請問 Shibuya Sky 的入口是在這棟樓嗎?","请 问 旭 不 亚 Sky 的 入 口 是 在 这 栋 楼 吗 ?","Excuse me, is the entrance to Shibuya Sky in this building?","3811","3641","1003","1003","1881","5004","true","true","1","0.381","5","5","","The machine translation is perfect and identical to the reference translation.","true"
"T002","en","3","directions","code-switch|proper-noun","請問 Shibuya Sky 的入口是在這棟樓嗎?","请 问 旭 不 亚 Sky 的 入 口 是 在 这 栋 楼 吗 ?","Excuse me, is the entrance for Shibuya Sky in this building?","3811","3850","984","984","1754","4983","true","true","1.021","0.381","5","5","","The translation is highly accurate and natural, perfectly conveying the meaning of the source text. The use of 'entrance for' instead of 'entrance to' is completely acceptable and does not affect comprehension.","true"
"T002","ja","1","directions","code-switch|proper-noun","請問 Shibuya Sky 的入口是在這棟樓嗎?","请 问 旭 不 亚 Sky 的 入 口 是 在 这 栋 楼 吗 ?","すみません、SHIBUYA SKYの入口はこの建物ですか?","3811","4571","959","939","1892","4959","true","true","1.238","0.381","5","5","","譯文非常準確且自然。將『Shibuya Sky』譯為英文『SHIBUYA SKY』，以及將『這棟樓』譯為『この建物』皆完全符合原意，日語表達十分流暢。","true"
"T002","ja","2","directions","code-switch|proper-noun","請問 Shibuya Sky 的入口是在這棟樓嗎?","请 问 旭 不 亚 Sky 的 入 口 是 在 这 栋 楼 吗 ?","すみません、SHIBUYA SKYの入口はこの建物ですか?","3811","3970","1058","1058","1766","5058","true","true","1.238","0.381","5","5","","譯文非常準確且自然。「SHIBUYA SKY」使用英文拼寫完全可以接受且清晰，「建物」也是「這棟樓」的正確翻譯，整體語意與流暢度皆無可挑剔。","true"
"T002","ja","3","directions","code-switch|proper-noun","請問 Shibuya Sky 的入口是在這棟樓嗎?","请 问 旭 不 亚 Sky 的 入 口 是 在 这 栋 楼 吗 ?","すみません、SHIBUYA SKYの入口は、このビルですか?","3811","3990","973","973","2267","4974","true","true","1.238","0.381","5","5","","機器譯文非常準確且自然，與參考譯文幾乎完全一致，僅在「Shibuya Sky」的書寫方式上使用了英文大寫，這也是完全正確且常見的表達方式。","true"
"T003","en","1","directions","negation","我不是要去機場,我是要去火車站。","我 不 是 要 去 机 场 , 我 是 要 去 火 车 站 。","I'm not going to the airport, I'm going to the train station.","2931","3140","958","958","1528","4057","true","true","1","0","5","5","","The machine translation is perfect and matches the reference translation exactly. It is fully accurate and natural.","true"
"T003","en","2","directions","negation","我不是要去機場,我是要去火車站。","我 不 是 要 去 机 场 , 我 是 要 去 火 车 站 。","I'm not going to the airport, I'm going to the train station.","2931","3280","1019","973","1803","4118","true","true","1","0","5","5","","The translation is perfect and matches the reference translation exactly.","true"
"T003","en","3","directions","negation","我不是要去機場,我是要去火車站。","我 不 是 要 去 机 场 , 我 是 要 去 火 车 站 。","I'm not going to the airport, I'm going to the train station.","2931","3020","1008","917","2478","4108","true","true","1","0","5","5","","The machine translation is perfect and matches the reference translation exactly. It is fully accurate and natural.","true"
"T003","ja","1","directions","negation","我不是要去機場,我是要去火車站。","我 不 是 要 去 机 场 , 我 是 要 去 火 车 站 。","空港ではなく、駅に行きたいんです。","2931","2451","944","922","1282","4043","true","true","0.6","0","5","5","","譯文非常準確且自然地表達了原文的意思。「空港ではなく、駅に行きたいんです」完全符合日語的日常表達習慣，語意忠實度與流暢度皆極佳。","true"
"T003","ja","2","directions","negation","我不是要去機場,我是要去火車站。","我 不 是 要 去 机 场 , 我 是 要 去 火 车 站 。","空港へ行くのではなく、駅へ行きたいんです。","2931","2630","1192","1192","2367","4292","true","true","0.76","0","5","5","","譯文非常準確且自然。「火車站」翻譯為「駅」在日文中非常符合習慣，句型「空港へ行くのではなく、駅へ行きたいんです」完美表達了原文的對比語氣，語意忠實度與流暢度皆為滿分。","true"
"T003","ja","3","directions","negation","我不是要去機場,我是要去火車站。","我 不 是 要 去 机 场 , 我 是 要 去 火 车 站 。","空港へ行くのではありません、駅へ行くのです。","2931","3410","923","922","1594","4024","true","true","0.8","0","5","5","","譯文準確且自然地表達了原文的意思。「空港へ行くのではありません、駅へ行くのです」語意完全正確，文法流暢。","true"
"T004","en","1","directions","number|sentence-final","從這裡走過去大概要幾分鐘?超過十五分鐘的話我想搭計程車。","从 这 里 走 过 去 大 概 要 几 分 钟 , 超 过 15 分 钟 的 话 , 我 想 搭 计 程 车 。","About how many minutes does it take to walk from here? If it's over 15 minutes, I'd like to take a taxi.","5971","5650","931","931","2436","7032","true","true","0.897","0.077","5","5","","The machine translation is exceptionally accurate and natural, conveying the exact meaning of the source text. It is virtually identical to the reference translation, with only minor stylistic differences (e.g., 'over 15' instead of 'more than fifteen').","true"
"T004","en","2","directions","number|sentence-final","從這裡走過去大概要幾分鐘?超過十五分鐘的話我想搭計程車。","从 这 里 走 过 去 大 概 要 几 分 钟 , 超 过 15 分 钟 的 话 , 我 想 搭 计 程 车 。","How many minutes does it take to walk from here? If it's more than 15 minutes, I'd like to take a taxi.","5971","5860","936","935","3003","7036","true","true","0.885","0.077","5","5","","The machine translation is highly accurate and natural. It conveys the exact meaning of the source text. The omission of '大概' (about) in the first sentence is minor and does not impact the overall adequacy.","true"
"T004","en","3","directions","number|sentence-final","從這裡走過去大概要幾分鐘?超過十五分鐘的話我想搭計程車。","从 这 里 走 过 去 大 概 要 几 分 钟 , 超 过 15 分 钟 的 话 , 我 想 搭 计 程 车 。","How many minutes does it take to walk from here? If it's more than 15 minutes, I'll take a taxi.","5971","5460","953","951","3212","7053","true","true","0.828","0.077","5","5","","The translation is highly accurate and natural. It slightly simplifies '大概' (about) and '我想' (I'd like to -> I'll), but the core meaning is perfectly preserved and the English is grammatically correct and fluent.","true"
"T004","ja","1","directions","number|sentence-final","從這裡走過去大概要幾分鐘?超過十五分鐘的話我想搭計程車。","从 这 里 走 过 去 大 概 要 几 分 钟 , 超 过 15 分 钟 的 话 , 我 想 搭 计 程 车 。","ここから歩いて何分くらいかかりますか?15分以上かかるようなら、タクシーに乗りたいです。","5971","6560","1105","1105","2567","7206","true","true","1.051","0.077","5","5","","譯文非常準確且自然，完整傳達了原文的意思，日語表達十分流暢且符合口語習慣。","true"
"T004","ja","2","directions","number|sentence-final","從這裡走過去大概要幾分鐘?超過十五分鐘的話我想搭計程車。","从 这 里 走 过 去 大 概 要 几 分 钟 , 超 过 15 分 钟 的 话 , 我 想 搭 计 程 车 。","ここから歩いて何分くらいですか?15分以上かかるようでしたら、タクシーに乗りたいです。","5971","6561","1003","1003","2784","7102","true","true","1.026","0.077","5","5","","The translation is highly accurate and natural, conveying the exact meaning of the source text with appropriate politeness.","true"
"T004","ja","3","directions","number|sentence-final","從這裡走過去大概要幾分鐘?超過十五分鐘的話我想搭計程車。","从 这 里 走 过 去 大 概 要 几 分 钟 , 超 过 15 分 钟 的 话 , 我 想 搭 计 程 车 。","ここから歩いてどのくらいかかりますか?15分以上かかるようなら、タクシーに乗りたいのですが。","5971","6600","954","931","2544","7055","true","true","1.103","0.077","5","5","","譯文非常準確且自然。前半句將「幾分鐘」譯為「どのくらい」（大約多久）在日文情境中十分自然，後半句的「15分以上かかるようなら、タクシーに乗りたいのですが」語氣委婉且完全符合原意。","true"
"T005","en","1","directions","proper-noun","請問淺草寺跟晴空塔是同一個方向嗎?","请 问 前 草 寺 跟 晴 空 塔 是 同 一 个 方 向 吗 ?","Excuse me, are Senso-ji Temple and the Skytree in the same direction?","4331","5010","913","913","2143","5413","true","true","1","0.063","5","5","","The translation is highly accurate and natural, matching the reference translation almost perfectly with only a minor hyphenation difference in 'Senso-ji'.","true"
"T005","en","2","directions","proper-noun","請問淺草寺跟晴空塔是同一個方向嗎?","请 问 前 草 寺 跟 晴 空 塔 是 同 一 个 方 向 吗 ?","Excuse me, are Sensō-ji Temple and Tokyo Skytree in the same direction?","4331","4680","950","950","1936","5450","true","true","1.036","0.063","5","5","","The translation is highly accurate and natural, perfectly conveying the meaning of the source text. The names of the landmarks are translated correctly.","true"
"T005","en","3","directions","proper-noun","請問淺草寺跟晴空塔是同一個方向嗎?","请 问 前 草 寺 跟 晴 空 塔 是 同 一 个 方 向 吗 ?","Excuse me, are Sensoji Temple and Skytree in the same direction?","4331","4010","935","932","1886","5435","true","true","0.945","0.063","5","5","","The translation is highly accurate and natural, capturing the exact meaning of the source text and matching the reference translation almost perfectly.","true"
"T005","ja","1","directions","proper-noun","請問淺草寺跟晴空塔是同一個方向嗎?","请 问 前 草 寺 跟 晴 空 塔 是 同 一 个 方 向 吗 ?","すみません、浅草寺とスカイツリーは同じ方向ですか?","4331","4220","957","934","1879","5457","true","true","1","0.063","5","5","","譯文與參考譯文完全一致，翻譯非常準確且自然。","true"
"T005","ja","2","directions","proper-noun","請問淺草寺跟晴空塔是同一個方向嗎?","请 问 前 草 寺 跟 晴 空 塔 是 同 一 个 方 向 吗 ?","すみません、浅草寺とスカイツリーは同じ方向ですか?","4331","4110","969","968","1828","5469","true","true","1","0.063","5","5","","譯文與參考譯文完全一致，翻譯非常準確且自然。","true"
"T005","ja","3","directions","proper-noun","請問淺草寺跟晴空塔是同一個方向嗎?","请 问 前 草 寺 跟 晴 空 塔 是 同 一 个 方 向 吗 ?","すみません、浅草寺とスカイツリーは同じ方向ですか?","4331","4320","1022","945","2211","5523","true","true","1","0.063","5","5","","The machine translation is perfect and identical to the reference translation.","true"
"T006","en","1","directions","","這附近有沒有廁所?我趕時間。","这 附 近 有 没 有 厕 所 ? 我 赶 时 间 。","Is there a restroom nearby? I'm in a hurry.","2731","2200","995","966","1326","3895","true","true","0.941","0","5","5","","譯文非常準確且自然，完美傳達了原文的意思，與參考譯文幾乎一致。","true"
"T006","en","2","directions","","這附近有沒有廁所?我趕時間。","这 附 近 有 没 有 厕 所 ? 我 赶 时 间 。","Is there a restroom nearby? I'm in a rush.","2731","2280","976","952","1256","3875","true","true","0.912","0","5","5","","The translation is highly accurate and natural. 'nearby' perfectly translates '這附近', and 'in a rush' is a natural equivalent to '我趕時間' and 'in a hurry'.","true"
"T006","en","3","directions","","這附近有沒有廁所?我趕時間。","这 附 近 有 没 有 厕 所 ? 我 赶 时 间 。","Is there a restroom nearby? I'm in a hurry.","2731","2801","964","964","1312","3864","true","true","0.941","0","5","5","","譯文完全準確且自然，與參考譯文幾乎一致，完美傳達了原文的意思。","true"
"T006","ja","1","directions","","這附近有沒有廁所?我趕時間。","这 附 近 有 没 有 厕 所 ? 我 赶 时 间 。","この近くにトイレはありますか?急いでいます。","2731","3100","937","937","1505","3837","true","true","0.909","0","5","5","","譯文非常準確且自然，完美傳達了原文的意思。「急いでいます」與參考譯文的「急いでいるんです」皆符合語境，無任何錯誤。","true"
"T006","ja","2","directions","","這附近有沒有廁所?我趕時間。","这 附 近 有 没 有 厕 所 ? 我 赶 时 间 。","この近くにトイレはありますか?急いでいるんです。","2731","3240","932","909","1606","3832","true","true","1","0","5","5","","譯文與參考譯文完全一致，語意準確且表達極為自然。","true"
"T006","ja","3","directions","","這附近有沒有廁所?我趕時間。","这 附 近 有 没 有 厕 所 ? 我 赶 时 间 。","この近くにトイレはありますか?急いでいるんですが。","2731","3610","1042","1042","1700","3942","true","true","1.045","0","5","5","","譯文非常準確且自然。後半句「急いでいるんですが」結尾的「が」在日語口語中非常常見，能起到緩和語氣的作用，完全符合情境。","true"
"T007","en","1","transport","number","我要兩張到京都的車票,大人一張、小孩一張。","我 要 两 张 到 京 都 的 车 票 , 大 人 一 张 , 小 孩 一 张 。","I'd like two tickets to Kyoto, one adult ticket and one child ticket.","5051","4111","973","950","1834","6172","true","true","1.286","0","5","5","","The machine translation is highly accurate and natural, perfectly conveying the meaning of the source text with no errors.","true"
"T007","en","2","transport","number","我要兩張到京都的車票,大人一張、小孩一張。","我 要 两 张 到 京 都 的 车 票 , 大 人 一 张 , 小 孩 一 张 。","I'd like two tickets to Kyoto, one for an adult, and one for a child.","5051","3890","962","962","1891","6163","true","true","1.214","0","5","5","","The machine translation is highly accurate and natural, perfectly conveying the meaning of the source text without any errors.","true"
"T007","en","3","transport","number","我要兩張到京都的車票,大人一張、小孩一張。","我 要 两 张 到 京 都 的 车 票 , 大 人 一 张 , 小 孩 一 张 。","I'd like two tickets to Kyoto, one for an adult and one for a child.","5051","3430","924","923","1802","6124","true","true","1.214","0","5","5","","The machine translation is exceptionally accurate and natural. It perfectly conveys the meaning of the source text with excellent grammar and phrasing.","true"
"T007","ja","1","transport","number","我要兩張到京都的車票,大人一張、小孩一張。","我 要 两 张 到 京 都 的 车 票 , 大 人 一 张 , 小 孩 一 张 。","京都までの切符を2枚ください。大人1枚、子供1枚です。","5051","4780","978","978","2229","6178","true","true","0.96","0","5","5","","譯文非常準確且自然，與參考譯文幾乎完全一致（僅「子供」與「子ども」的寫法差異，意思完全相同），無任何錯誤。","true"
"T007","ja","2","transport","number","我要兩張到京都的車票,大人一張、小孩一張。","我 要 两 张 到 京 都 的 车 票 , 大 人 一 张 , 小 孩 一 张 。","京都まで切符を2枚ください。大人1枚、子供1枚です。","5051","5100","947","947","3431","6147","true","true","0.92","0","5","5","","譯文非常準確且自然，與參考譯文幾乎完全一致，僅在「京都まで」與「京都までの」有微小語法差異，但完全不影響語意與流暢度。","true"
"T007","ja","3","transport","number","我要兩張到京都的車票,大人一張、小孩一張。","我 要 两 张 到 京 都 的 车 票 , 大 人 一 张 , 小 孩 一 张 。","京都まで切符を2枚ください。大人1枚、子供1枚です。","5051","5210","1009","1009","2900","6208","true","true","0.92","0","5","5","","譯文非常準確且自然，與參考譯文幾乎完全一致。「京都まで切符を2枚ください」在日語口語中是非常自然且常用的表達方式，語意完整傳達。","true"
"T008","en","1","transport","negation|sentence-final","這班車會到大阪,但是應該不會停京都吧?","这 班 车 会 到 大 阪 , 但 是 应 该 不 会 停 京 都 吧 ?","This train will go to Osaka, but probably won't stop in Kyoto, right?","3851","3900","901","900","1845","4900","true","true","1.128","0","5","5","","The machine translation is highly accurate and natural. It perfectly captures the meaning and nuance of the source text, including the speculative tone ('probably', 'right?').","true"
"T008","en","2","transport","negation|sentence-final","這班車會到大阪,但是應該不會停京都吧?","这 班 车 会 到 大 阪 , 但 是 应 该 不 会 停 京 都 吧 ?","This train goes to Osaka, but it probably won't stop in Kyoto, right?","3851","4390","911","910","1862","4910","true","true","1.128","0","5","5","","The machine translation is exceptionally accurate and natural. It even captures the nuance of '應該' (probably) better than the reference translation.","true"
"T008","en","3","transport","negation|sentence-final","這班車會到大阪,但是應該不會停京都吧?","这 班 车 会 到 大 阪 , 但 是 应 该 不 会 停 京 都 吧 ?","This train goes to Osaka, but it probably won't stop in Kyoto, right?","3851","4690","983","932","2168","4983","true","true","1.128","0","5","5","","The machine translation is highly accurate and natural. It perfectly captures the meaning of the source text, including the modal '應該' (probably) and the tag question '吧?' (right?). There are no grammatical or semantic errors.","true"
"T008","ja","1","transport","negation|sentence-final","這班車會到大阪,但是應該不會停京都吧?","这 班 车 会 到 大 阪 , 但 是 应 该 不 会 停 京 都 吧 ?","この電車は大阪までは行きますが、京都には止まらないと思いますが?","3851","4880","924","924","2328","4924","true","true","1.154","0","5","5","","機器譯文非常準確且自然。「大阪までは行きますが」與「京都には止まらないと思いますが？」很好地傳達了原文「會到大阪」與「應該不會停京都吧？」的語氣與語意，無任何錯誤旗標。","true"
"T008","ja","2","transport","negation|sentence-final","這班車會到大阪,但是應該不會停京都吧?","这 班 车 会 到 大 阪 , 但 是 应 该 不 会 停 京 都 吧 ?","この電車は大阪には行きますが、京都には止まらないはずですよね？","3851","4850","931","929","2039","4931","true","true","1.115","0","5","5","","譯文非常準確且自然，完整傳達了原文「應該不會停」的語氣（はずですよね），與參考譯文高度契合。","true"
"T008","ja","3","transport","negation|sentence-final","這班車會到大阪,但是應該不會停京都吧?","这 班 车 会 到 大 阪 , 但 是 应 该 不 会 停 京 都 吧 ?","この電車は大阪には着きますが、京都には止まらないのではないでしょうか?","3851","4720","949","947","2034","4949","true","true","1.269","0","5","5","","譯文非常準確且自然。「のではないでしょうか」很好地傳達了原文「應該不會...吧」的推測與詢問語氣，語意完全契合。","true"
"T009","en","1","transport","","請問這個位子有人坐嗎?","请 问 这 个 位 置 有 人 坐 吗 ?","Excuse me, is this seat taken?","2491","1640","907","906","1214","3507","true","true","1","0.1","5","5","","The machine translation is perfect and matches the reference translation exactly.","true"
"T009","en","2","transport","","請問這個位子有人坐嗎?","请 问 这 个 位 置 有 人 坐 吗 ?","Excuse me, is this seat taken?","2491","1940","904","902","1240","3504","true","true","1","0.1","5","5","","The machine translation is perfect and matches the reference translation exactly.","true"
"T009","en","3","transport","","請問這個位子有人坐嗎?","请 问 这 个 位 置 有 人 坐 吗 ?","Excuse me, is this seat taken?","2491","2100","917","916","1998","3517","true","true","1","0.1","5","5","","The machine translation is perfect and matches the reference translation exactly.","true"
"T009","ja","1","transport","","請問這個位子有人坐嗎?","请 问 这 个 位 置 有 人 坐 吗 ?","すみません、この席は空いていますか?","2491","2280","996","973","1306","3597","true","true","0.842","0.1","5","5","","譯文「すみません、この席は空いていますか？」將原文的「請問這個位子有人坐嗎？」轉化為日語中極為常用且自然的問法「請問這個位子是空著的嗎？」，語意完全相符，表達非常流暢自然。","true"
"T009","ja","2","transport","","請問這個位子有人坐嗎?","请 问 这 个 位 置 有 人 坐 吗 ?","すみません、この席空いていますか?","2491","2641","919","894","1344","3518","true","true","0.789","0.1","5","5","","譯文「この席空いていますか？」(請問這個位子空著嗎？)與原文「這個位子有人坐嗎？」在情境上完全等價，表達非常自然且符合日語習慣。","true"
"T009","ja","3","transport","","請問這個位子有人坐嗎?","请 问 这 个 位 置 有 人 坐 吗 ?","すみません、この席空いていますか?","2491","2561","933","910","1265","3533","true","true","0.789","0.1","5","5","","機器譯文「すみません、この席空いていますか？」(請問這個位子空著嗎？)與原文「請問這個位子有人坐嗎？」意思完全一致，且在日語中是非常自然、道地的表達方式，甚至比參考譯文更符合日常口語習慣。","true"
"T010","en","1","transport","number","最後一班回新宿的電車是十一點四十五分嗎?","最 后 一 班 回 星 住 的 电 车 是 11 点 45 分 吗 ?","Is the last tram back to Shinshu at 11:45?","4611","3510","968","944","1628","5768","true","true","0.711","0.368","4","5","name_mangled","The translation is grammatically correct and fluent, but the place name 'Shinjuku' (新宿) was incorrectly translated as 'Shinshu'.","true"
"T010","en","2","transport","number","最後一班回新宿的電車是十一點四十五分嗎?","最 后 一 班 回 星 住 的 电 车 是 11 点 45 分 吗 ?","Is the last tram back to Hsinchu at 11 45?","4611","3040","928","927","1519","5729","true","true","0.711","0.368","3","4","name_mangled","The machine translation incorrectly translated the Japanese place name '新宿' (Shinjuku) as 'Hsinchu' (新竹, a city in Taiwan), which is a major name mangling error. The rest of the sentence is translated accurately.","true"
"T010","en","3","transport","number","最後一班回新宿的電車是十一點四十五分嗎?","最 后 一 班 回 星 住 的 电 车 是 11 点 45 分 吗 ?","Is the last train back to Hsinchu at 11 45?","4611","3390","934","934","1624","5734","true","true","0.733","0.368","3","5","name_mangled","The machine translation incorrectly translated the proper noun '新宿' (Shinjuku) as 'Hsinchu' (新竹), which is a name mangling error. The rest of the sentence is translated accurately and fluently.","true"
"T010","ja","1","transport","number","最後一班回新宿的電車是十一點四十五分嗎?","最 后 一 班 回 星 住 的 电 车 是 11 点 45 分 吗 ?","星住に帰る最終電車は、11時45分ですか?","4611","5040","925","925","2100","5725","true","true","1","0.368","3","4","name_mangled","地名「新宿」被錯誤翻譯為「星住」，屬於專有名詞翻譯錯誤（name_mangled）。其餘部分語意與文法皆正確且自然。","true"
"T010","ja","2","transport","number","最後一班回新宿的電車是十一點四十五分嗎?","最 后 一 班 回 星 住 的 电 车 是 11 点 45 分 吗 ?","星住へ帰る最終電車は、11時45分ですか?","4611","4840","913","913","2014","5712","true","true","1","0.368","4","5","name_mangled","地名「新宿」被錯誤翻譯為「星住」，屬於專有名詞翻譯錯誤（name_mangled）。其餘部分翻譯正確且語句通順。","true"
"T010","ja","3","transport","number","最後一班回新宿的電車是十一點四十五分嗎?","最 后 一 班 回 星 住 的 电 车 是 11 点 45 分 吗 ?","星住に戻る最終電車は11時45分ですか?","4611","4520","988","962","2089","5787","true","true","1","0.368","3","5","name_mangled","The machine translation incorrectly translated the place name '新宿' (Shinjuku) as '星住' (Hoshizumi), which is a name mangling error. The rest of the sentence is grammatically correct and natural.","true"
"T011","en","1","transport","code-switch|number","我想幫 IC 卡儲值一千日圓。","我 想 帮 IC 卡 充 值 1000 日 元 。","I'd like to top up my IC card with 1000 yen.","3451","3290","940","940","1671","4540","true","true","0.821","0.5","5","5","","The translation is highly accurate and natural, perfectly matching the reference translation with the minor stylistic difference of using digits '1000' instead of words 'one thousand'.","true"
"T011","en","2","transport","code-switch|number","我想幫 IC 卡儲值一千日圓。","我 想 帮 IC 卡 充 值 1000 日 元 。","I'd like to top up my IC card with 1,000 yen.","3451","3040","942","942","2412","4541","true","true","0.821","0.5","5","5","","The machine translation is perfect. It accurately and naturally translates the source sentence, matching the reference translation exactly, with the minor stylistic difference of using digits '1,000' instead of words 'one thousand'.","true"
"T011","en","3","transport","code-switch|number","我想幫 IC 卡儲值一千日圓。","我 想 帮 IC 卡 充 值 1000 日 元 。","I'd like to top up my IC card with 1,000 yen.","3451","3390","936","936","1689","4537","true","true","0.821","0.5","5","5","","The translation is perfect and matches the reference translation exactly in meaning and structure, with only a minor formatting difference (using digits '1,000' instead of words 'one thousand', which is completely acceptable).","true"
"T011","ja","1","transport","code-switch|number","我想幫 IC 卡儲值一千日圓。","我 想 帮 IC 卡 充 值 1000 日 元 。","ICカードに1000円チャージしたいです。","3451","2730","984","983","1450","4583","true","true","0.909","0.5","5","5","","譯文非常準確且自然，完整傳達了原文「想幫IC卡儲值一千日圓」的意思，與參考譯文僅有結尾語氣的微小差異（たいです vs たいんですが），兩者皆符合日語口語表達。","true"
"T011","ja","2","transport","code-switch|number","我想幫 IC 卡儲值一千日圓。","我 想 帮 IC 卡 充 值 1000 日 元 。","ICカードに1000円チャージしたいのですが。","3451","2940","945","944","1535","4546","true","true","1","0.5","5","5","","譯文非常準確且自然，與參考譯文幾乎完全一致（僅有「のですが」與「んですが」的微小口語風格差異，兩者皆完全正確且符合日語習慣）。","true"
"T011","ja","3","transport","code-switch|number","我想幫 IC 卡儲值一千日圓。","我 想 帮 IC 卡 充 值 1000 日 元 。","ICカードに1000円チャージしたいです。","3451","2940","941","941","1604","4540","true","true","0.909","0.5","5","5","","譯文非常準確且自然，完整傳達了原文「想幫IC卡儲值一千日圓」的意思，與參考譯文僅有結尾語氣的微小差異（たいです vs たいんですが），兩者皆符合日語口語表達。","true"
"T012","en","1","transport","honorific|proper-noun","不好意思,可以幫我看一下這班車是不是往橫濱的嗎?","不 好 意 思 , 可 以 帮 我 看 一 下 这 班 车 是 不 是 往 横 滨 的 吗 ?","Excuse me, could you check if this train is heading to Yokohama?","4171","3540","913","913","1759","5213","true","true","0.836","0","5","5","","The machine translation is highly accurate and natural. It perfectly conveys the meaning of the source text with excellent fluency, matching the reference translation in quality.","true"
"T012","en","2","transport","honorific|proper-noun","不好意思,可以幫我看一下這班車是不是往橫濱的嗎?","不 好 意 思 , 可 以 帮 我 看 一 下 这 班 车 是 不 是 往 横 滨 的 吗 ?","Excuse me, could you help me check if this train is going towards Yokohama?","4171","3860","976","976","2375","5275","true","true","0.984","0","5","5","","The translation is highly accurate and natural, perfectly conveying the meaning of the source text with no errors.","true"
"T012","en","3","transport","honorific|proper-noun","不好意思,可以幫我看一下這班車是不是往橫濱的嗎?","不 好 意 思 , 可 以 帮 我 看 一 下 这 班 车 是 不 是 往 横 滨 的 吗 ?","Excuse me, could you help me check if this train is bound for Yokohama?","4171","3830","919","919","1728","5219","true","true","0.918","0","5","5","","The machine translation is highly accurate and natural. It perfectly conveys the meaning of the source text, with only a minor stylistic difference from the reference translation ('if' instead of 'whether'), which is completely natural in spoken English.","true"
"T012","ja","1","transport","honorific|proper-noun","不好意思,可以幫我看一下這班車是不是往橫濱的嗎?","不 好 意 思 , 可 以 帮 我 看 一 下 这 班 车 是 不 是 往 横 滨 的 吗 ?","すみません、この電車が横浜行きかどうか、見ていただけますか?","4171","4801","1041","1041","2099","5341","true","true","0.871","0","5","5","","機器譯文非常準確且自然，與參考譯文幾乎完全一致，僅少了一個修飾詞「ちょっと」，但不影響語意表達與流暢度。","true"
"T012","ja","2","transport","honorific|proper-noun","不好意思,可以幫我看一下這班車是不是往橫濱的嗎?","不 好 意 思 , 可 以 帮 我 看 一 下 这 班 车 是 不 是 往 横 滨 的 吗 ?","すみません、この電車は横浜方面へ行きますか、見ていただけますか?","4171","4990","965","905","2520","5265","true","true","0.935","0","5","4","","譯文完整且準確地傳達了原文的意思。在流暢度方面，句式結構稍微有些口語化的斷句（...行きますか、見ていただけますか？），雖然不如參考譯文的「...かどうか、見ていただけますか」那般連貫和優雅，但在日常口語中仍屬自然且完全可被理解，無任何重大錯誤。","true"
"T012","ja","3","transport","honorific|proper-noun","不好意思,可以幫我看一下這班車是不是往橫濱的嗎?","不 好 意 思 , 可 以 帮 我 看 一 下 这 班 车 是 不 是 往 横 滨 的 吗 ?","すみません、この電車が横浜行きかどうか見ていただけますか?","4171","4371","941","941","1952","5241","true","true","0.871","0","5","5","","譯文非常準確且自然，與參考譯文幾乎完全一致，僅少了一個語氣助詞「ちょっと」，但不影響語意表達。","true"
"T013","en","1","transport","sentence-final","我剛剛在月台上把手機弄丟了。","我 刚 刚 在 乐 台 上 把 手 机 弄 丢 了 。","I just lost my phone on the platform.","2771","2300","937","937","1382","3837","true","true","1","0.231","5","5","","The machine translation is perfect and identical to the reference translation.","true"
"T013","en","2","transport","sentence-final","我剛剛在月台上把手機弄丟了。","我 刚 刚 在 乐 台 上 把 手 机 弄 丢 了 。","I just lost my phone on the platform.","2771","2761","966","966","1397","3865","true","true","1","0.231","5","5","","The machine translation is perfect and identical to the reference translation.","true"
"T013","en","3","transport","sentence-final","我剛剛在月台上把手機弄丟了。","我 刚 刚 在 乐 台 上 把 手 机 弄 丢 了 。","I just lost my phone on the platform.","2771","2160","942","940","1226","3841","true","true","1","0.231","5","5","","The machine translation is perfect and identical to the reference translation.","true"
"T013","ja","1","transport","sentence-final","我剛剛在月台上把手機弄丟了。","我 刚 刚 在 乐 台 上 把 手 机 弄 丢 了 。","たった今、ホームで携帯電話をなくしてしまいました。","2771","3450","929","928","1947","3830","true","true","1.15","0.231","5","5","","譯文非常準確且自然。「我剛剛」翻譯為「たった今」，「手機」翻譯為「携帯電話」，皆符合日文習慣，語意完全忠實，無任何錯誤。","true"
"T013","ja","2","transport","sentence-final","我剛剛在月台上把手機弄丟了。","我 刚 刚 在 乐 台 上 把 手 机 弄 丢 了 。","たった今、ホームで携帯電話をなくしてしまいました。","2771","3190","1075","1043","1922","3974","true","true","1.15","0.231","5","5","","譯文非常準確且自然，完美傳達了原文的意思。「我剛剛」翻譯為「たった今」非常貼切，「手機」翻譯為「携帯電話」也完全正確，整體日文表達流暢無瑕疵。","true"
"T013","ja","3","transport","sentence-final","我剛剛在月台上把手機弄丟了。","我 刚 刚 在 乐 台 上 把 手 机 弄 丢 了 。","たった今、ホームで携帯を落としました。","2771","3281","970","946","2465","3869","true","true","0.85","0.231","5","5","","譯文非常準確且自然。「把手機弄丟了」譯為「携帯を落としました」（把手機弄掉了/丟了）在日語中是非常道地且符合情境的表達方式，語意完全契合。","true"
"T014","en","1","dining","negation","這個不要辣,我不太能吃辣。","这 个 不 要 啦 , 我 不 太 能 吃 辣 。","No to this one, I can't really handle spicy food.","3251","3100","968","968","2268","4368","true","true","0.755","0.091","4","5","omission","The phrase '這個不要辣' (Don't make this one spicy) is translated as 'No to this one' (不要這個), which omits the 'spicy' constraint in the first clause and slightly alters the meaning to rejecting the dish entirely. However, the second clause is translated perfectly, and the overall sentence is highly fluent.","true"
"T014","en","2","dining","negation","這個不要辣,我不太能吃辣。","这 个 不 要 啦 , 我 不 太 能 吃 辣 。","I don't want this one; I can't really eat spicy food.","3251","2520","977","953","1505","4378","true","true","0.796","0.091","3","5","omission","The machine translation incorrectly translates '這個不要辣' (No spicy for this one) as 'I don't want this one' (我不要這個), which changes the meaning from requesting a non-spicy preparation to rejecting the item entirely. This is a significant omission/mistranslation of the word '辣' (spicy) in the first clause, although the second clause is translated perfectly.","true"
"T014","en","3","dining","negation","這個不要辣,我不太能吃辣。","这 个 不 要 啦 , 我 不 太 能 吃 辣 。","I don't want this one; I can't handle spicy food very well.","3251","3371","983","963","1544","4383","true","true","0.898","0.091","5","5","","The translation is highly accurate and natural, perfectly conveying the meaning of the source text.","true"
"T014","ja","1","dining","negation","這個不要辣,我不太能吃辣。","这 个 不 要 啦 , 我 不 太 能 吃 辣 。","これは遠慮します。私は辛いものがあまり食べられないんです。","3251","4250","946","946","1824","4346","true","true","0.9","0.091","3","5","omission","前半句「這個不要辣」（請不要做成辣的）被誤譯為「これは遠慮します」（這個我就心領了/我不要這個），導致語意與原文不符（從要求不加辣變成拒絕該食物）。後半句翻譯得非常流暢且準確。","true"
"T014","ja","2","dining","negation","這個不要辣,我不太能吃辣。","这 个 不 要 啦 , 我 不 太 能 吃 辣 。","これは遠慮します。辛いものはあまり食べられなくて。","3251","4180","986","963","2324","4386","true","true","0.767","0.091","3","5","omission","「這個不要辣」（辛くしないでください）被誤譯為「これは遠慮します」（我不要這個/心領了），改變了原意（從要求不加辣變成拒絕該食物），屬於漏譯/誤譯。後半句「我不太能吃辣」翻譯得非常自然流暢。","true"
"T014","ja","3","dining","negation","這個不要辣,我不太能吃辣。","这 个 不 要 啦 , 我 不 太 能 吃 辣 。","これはいいです。辛いものはあまり食べられないんです。","3251","3651","937","937","1661","4337","true","true","0.8","0.091","3","4","omission","前半句「這個不要辣」被誤譯為「これはいいです」（不用了/這樣就好），漏譯了「不要辣」的核心要求。後半句「我不太能吃辣」翻譯得非常正確且自然。因此忠實度給予3分，並標記漏譯（omission）。","true"
"T015","en","1","dining","number","我們總共五個人,有兩個小孩,需要兒童椅。","我 们 总 共 五 个 人 , 有 两 个 小 孩 , 需 要 儿 童 椅 。","There are five of us in total, and we have two children, so we'll need child seats.","4171","4940","995","995","2149","5295","true","true","1.033","0","5","5","","The machine translation is highly accurate and natural, conveying all the information from the source text perfectly. 'Child seats' is a very reasonable translation for '兒童椅'.","true"
"T015","en","2","dining","number","我們總共五個人,有兩個小孩,需要兒童椅。","我 们 总 共 五 个 人 , 有 两 个 小 孩 , 需 要 儿 童 椅 。","There are five of us in total, and we have two children who need child seats.","4171","4471","956","956","2459","5256","true","true","0.984","0","5","5","","The machine translation is highly accurate and natural. It correctly conveys all information from the source text, including the total number of people, the number of children, and the request for child seats.","true"
"T015","en","3","dining","number","我們總共五個人,有兩個小孩,需要兒童椅。","我 们 总 共 五 个 人 , 有 两 个 小 孩 , 需 要 儿 童 椅 。","There are five of us total, and we need two booster seats for the kids.","4171","4201","986","986","2520","5285","true","true","0.902","0","5","5","","The translation is highly accurate and natural. It correctly translates the number of people and the requirement for children's seats. Translating '兩個小孩，需要兒童椅' as 'need two booster seats for the kids' is a very natural and contextually appropriate rendering.","true"
"T015","ja","1","dining","number","我們總共五個人,有兩個小孩,需要兒童椅。","我 们 总 共 五 个 人 , 有 两 个 小 孩 , 需 要 儿 童 椅 。","全部で5人です。子供が2人いて、子供用の椅子が必要です。","4171","5040","966","942","2188","5267","true","true","0.806","0","5","5","","機器譯文完整且準確地翻譯了原文的所有訊息，文法正確且表達非常自然，與參考譯文極為接近。","true"
"T015","ja","2","dining","number","我們總共五個人,有兩個小孩,需要兒童椅。","我 们 总 共 五 个 人 , 有 两 个 小 孩 , 需 要 儿 童 椅 。","全部で5人です。子供が2人いるので、チャイルドシートが必要です。","4171","5120","990","967","2222","5289","true","true","0.935","0","4","5","","「兒童椅」（餐廳用餐椅）被誤譯為「チャイルドシート」（汽車安全座椅），日文應使用「子ども用の椅子」或「ベビーチェア」。其餘部分翻譯正確且流暢。","true"
"T015","ja","3","dining","number","我們總共五個人,有兩個小孩,需要兒童椅。","我 们 总 共 五 个 人 , 有 两 个 小 孩 , 需 要 儿 童 椅 。","全部で5人です。子供が2人いるので、子供椅子が必要です。","4171","4460","1080","986","2670","5380","true","true","0.806","0","5","5","","譯文完整且準確地傳達了原文的所有訊息，人數與需求皆正確無誤，日語表達非常自然流暢。","true"
"T016","en","1","dining","negation","我對蝦子過敏,餐點裡請不要放任何海鮮。","我 对 虾 子 过 敏 , 餐 点 里 请 不 要 放 任 何 海 鲜 。","I'm allergic to shrimp, please don't include any seafood in my meal.","4491","4151","997","955","2504","5597","true","true","1.082","0","5","5","","The machine translation is accurate, fluent, and perfectly conveys the meaning of the source text without any errors.","true"
"T016","en","2","dining","negation","我對蝦子過敏,餐點裡請不要放任何海鮮。","我 对 虾 子 过 敏 , 餐 点 里 请 不 要 放 任 何 海 鲜 。","I'm allergic to shrimp; please don't put any seafood in the meal.","4491","4441","1037","1036","1997","5636","true","true","1.02","0","5","5","","The machine translation is exceptionally accurate and natural. It perfectly conveys the meaning of the source text without any errors.","true"
"T016","en","3","dining","negation","我對蝦子過敏,餐點裡請不要放任何海鮮。","我 对 虾 子 过 敏 , 餐 点 里 请 不 要 放 任 何 海 鲜 。","I'm allergic to shrimp. Please don't put any seafood in the meals.","4491","4121","994","994","2471","5594","true","true","1.041","0","5","5","","The machine translation is highly accurate and natural, perfectly conveying the meaning of the source text without any errors.","true"
"T016","ja","1","dining","negation","我對蝦子過敏,餐點裡請不要放任何海鮮。","我 对 虾 子 过 敏 , 餐 点 里 请 不 要 放 任 何 海 鲜 。","私は海老アレルギーがあるので、料理には何も海鮮物を入れないでください。","4491","5441","968","947","2343","5568","true","true","1.1","0","5","4","","譯文完整且準確地傳達了原文的所有訊息，語意忠實度極高。在流暢度方面，『何も海鮮物を入れないでください』的表達方式稍微有些不夠自然（日語中更常使用『海鮮類は一切入れないでください』），但文法正確且完全不影響理解，因此給予4分。","true"
"T016","ja","2","dining","negation","我對蝦子過敏,餐點裡請不要放任何海鮮。","我 对 虾 子 过 敏 , 餐 点 里 请 不 要 放 任 何 海 鲜 。","私は海老アレルギーですので、食事にはシーフードを一切入れないでください。","4491","6180","1008","1008","3165","5608","true","true","1.133","0","5","5","","譯文非常準確且自然，完整傳達了原文「對蝦子過敏、餐點不要放海鮮」的意思，無任何錯誤。","true"
"T016","ja","3","dining","negation","我對蝦子過敏,餐點裡請不要放任何海鮮。","我 对 虾 子 过 敏 , 餐 点 里 请 不 要 放 任 何 海 鲜 。","私は海老アレルギーなので、料理に海鮮を一切入れないでください。","4491","5190","1055","993","2458","5654","true","true","0.967","0","5","5","","譯文非常準確且自然，完整傳達了原文的意思，與參考譯文幾乎一致。","true"
"T017","en","1","dining","negation|number","這杯不要加冰,然後大杯的改成中杯,總共三杯。","这 杯 不 要 加 冰 , 然 后 大 杯 的 改 成 中 杯 , 总 共 三 杯 。","No ice in this one, and change the large to a medium, for a total of three cups.","6491","4710","982","939","2100","7583","true","true","1.034","0","5","5","","The machine translation is highly accurate and natural. It perfectly conveys all the instructions from the source text, including the modification of the drink size and the total count, with excellent fluency.","true"
"T017","en","2","dining","negation|number","這杯不要加冰,然後大杯的改成中杯,總共三杯。","这 杯 不 要 加 冰 , 然 后 大 杯 的 改 成 中 杯 , 总 共 三 杯 。","No ice for this one, and make the large one medium, three in total.","6491","4960","961","939","2157","7560","true","true","0.879","0","5","5","","The machine translation is highly accurate and natural, perfectly conveying all the details of the source text without any errors.","true"
"T017","en","3","dining","negation|number","這杯不要加冰,然後大杯的改成中杯,總共三杯。","这 杯 不 要 加 冰 , 然 后 大 杯 的 改 成 中 杯 , 总 共 三 杯 。","No ice in this one, and change the large to a medium, for a total of three cups.","6491","5290","952","952","2253","7552","true","true","1.034","0","5","5","","The machine translation is highly accurate and natural, perfectly capturing all the details of the source text. The phrasing is fluent and matches the reference translation closely.","true"
"T017","ja","1","dining","negation|number","這杯不要加冰,然後大杯的改成中杯,總共三杯。","这 杯 不 要 加 冰 , 然 后 大 杯 的 改 成 中 杯 , 总 共 三 杯 。","これは氷を入れないでください。それからLサイズをMサイズに変更して、全部で3杯です。","6491","7760","931","929","2909","7532","true","true","0.951","0","5","5","","譯文非常準確且自然。將「大杯/中杯」在地化翻譯為「Lサイズ/Mサイズ」非常符合日文日常情境，語意完全忠實，流暢度極佳。","true"
"T017","ja","2","dining","negation|number","這杯不要加冰,然後大杯的改成中杯,總共三杯。","这 杯 不 要 加 冰 , 然 后 大 杯 的 改 成 中 杯 , 总 共 三 杯 。","このコーヒーは氷なしで、それからLサイズをMサイズに変えてください。全部で3杯です。","6491","7720","1029","972","3100","7628","true","true","0.951","0","4","5","hallucination","原文的「這杯」被譯為「このコーヒー」（這杯咖啡），加入了原文未提及的特定飲料種類（咖啡），屬於輕微的幻覺（hallucination）。其餘部分翻譯得非常準確且自然。","true"
"T017","ja","3","dining","negation|number","這杯不要加冰,然後大杯的改成中杯,總共三杯。","这 杯 不 要 加 冰 , 然 后 大 杯 的 改 成 中 杯 , 总 共 三 杯 。","これは氷を入れないでください。それから、LサイズをMサイズに変更して、全部で3杯です。","6491","7541","1010","948","3109","7609","true","true","0.951","0","5","5","","譯文非常準確且自然。將「大杯」與「中杯」在地化翻譯為「Lサイズ」與「Mサイズ」，非常符合日文點餐情境，語意完整，文法流暢。","true"
"T018","en","1","dining","code-switch","我要一份 tonkotsu 拉麵,麵要硬一點。","我 要 一 份 豚 骨 汁 拉 面 , 面 要 硬 一 点 。","I'd like a tonkotsu ramen, please, with firm noodles.","3971","3120","938","937","1601","5038","true","true","0.837","0.421","5","5","","The machine translation is excellent. It accurately conveys the entire meaning of the source text, including the specific noodle preference, and is phrased in a very natural and polite manner in English.","true"
"T018","en","2","dining","code-switch","我要一份 tonkotsu 拉麵,麵要硬一點。","我 要 一 份 豚 骨 汁 拉 面 , 面 要 硬 一 点 。","I'd like a bowl of tonkotsu ramen, with noodles firm, please.","3971","3500","958","958","1675","5059","true","true","0.959","0.421","5","5","","The machine translation is highly accurate and natural. It perfectly conveys the meaning of the source text ('我要一份 tonkotsu 拉麵,麵要硬一點') in a polite and appropriate restaurant ordering context ('I'd like a bowl of tonkotsu ramen, with noodles firm, please'). No errors were found.","true"
"T018","en","3","dining","code-switch","我要一份 tonkotsu 拉麵,麵要硬一點。","我 要 一 份 豚 骨 汁 拉 面 , 面 要 硬 一 点 。","I'd like a tonkotsu ramen, please, and I'd like the noodles a bit hard.","3971","3840","930","930","1813","5029","true","true","1.082","0.421","5","5","","譯文完整且準確地傳達了原文的意思。雖然將麵條硬度譯為 'a bit hard' 稍微不如 'firm' 或 'al dente' 道地，但在日常口語中完全可被理解且文法正確，整體非常流暢。","true"
"T018","ja","1","dining","code-switch","我要一份 tonkotsu 拉麵,麵要硬一點。","我 要 一 份 豚 骨 汁 拉 面 , 面 要 硬 一 点 。","豚骨ラーメンを1つ、麺は硬めでお願いします。","3971","3280","1034","1004","1891","5135","true","true","0.833","0.421","5","5","","譯文非常準確且自然，完美傳達了原文的所有訊息，日語表達十分道地。","true"
"T018","ja","2","dining","code-switch","我要一份 tonkotsu 拉麵,麵要硬一點。","我 要 一 份 豚 骨 汁 拉 面 , 面 要 硬 一 点 。","豚骨ラーメンを一つ、麺は硬めでお願いします。","3971","4350","923","922","2047","5022","true","true","0.833","0.421","5","5","","譯文非常準確且自然，完整傳達了原文的所有訊息，日語表達十分道地，與參考譯文幾乎一致。","true"
"T018","ja","3","dining","code-switch","我要一份 tonkotsu 拉麵,麵要硬一點。","我 要 一 份 豚 骨 汁 拉 面 , 面 要 硬 一 点 。","豚骨ラーメンを1つ、麺は硬めでお願いします。","3971","3650","937","937","1882","5036","true","true","0.833","0.421","5","5","","譯文非常準確且自然，完美傳達了原文的所有訊息，日語表達十分道地。","true"
"T019","en","1","dining","sentence-final","這道菜看起來很好吃,可是我已經吃飽了。","这 道 菜 看 起 来 很 好 吃 , 可 是 我 已 经 吃 饱 了 。","This dish looks delicious, but I'm already full.","4051","3000","1189","1034","2655","5389","true","true","1","0","5","5","","The machine translation is perfect and identical to the reference translation.","true"
"T019","en","2","dining","sentence-final","這道菜看起來很好吃,可是我已經吃飽了。","这 道 菜 看 起 来 很 好 吃 , 可 是 我 已 经 吃 饱 了 。","This dish looks delicious, but I'm already full.","4051","3290","942","915","1616","5142","true","true","1","0","5","5","","The machine translation is perfect and identical to the reference translation.","true"
"T019","en","3","dining","sentence-final","這道菜看起來很好吃,可是我已經吃飽了。","这 道 菜 看 起 来 很 好 吃 , 可 是 我 已 经 吃 饱 了 。","This dish looks delicious, but I'm already full.","4051","2831","978","978","1924","5178","true","true","1","0","5","5","","The machine translation is perfect and matches the reference translation exactly.","true"
"T019","ja","1","dining","sentence-final","這道菜看起來很好吃,可是我已經吃飽了。","这 道 菜 看 起 来 很 好 吃 , 可 是 我 已 经 吃 饱 了 。","この料理は美味しそうですが、もうお腹がいっぱいです。","4051","3500","926","926","1750","5126","true","true","0.828","0","5","5","","譯文非常準確且自然，完整傳達了原文的意思，與參考譯文幾乎一致，無任何錯誤。","true"
"T019","ja","2","dining","sentence-final","這道菜看起來很好吃,可是我已經吃飽了。","这 道 菜 看 起 来 很 好 吃 , 可 是 我 已 经 吃 饱 了 。","この料理はとても美味しそうですが、もうお腹がいっぱいです。","4051","4100","932","932","2400","5132","true","true","0.931","0","5","5","","譯文非常準確且自然，與參考譯文幾乎完全一致，僅在結尾語氣上有些微差異（いっぱいです與いっぱいなんです），完全不影響語意傳達與流暢度。","true"
"T019","ja","3","dining","sentence-final","這道菜看起來很好吃,可是我已經吃飽了。","这 道 菜 看 起 来 很 好 吃 , 可 是 我 已 经 吃 饱 了 。","この料理は美味しそうですが、もうお腹がいっぱいです。","4051","3490","946","922","1666","5147","true","true","0.828","0","5","5","","譯文非常準確且自然，完整傳達了原文的意思，文法完全正確。","true"
"T020","en","1","dining","honorific","請問可以幫我們分開結帳嗎?","请 问 可 以 帮 我 们 分 开 结 帐 吗 ?","Excuse me, can we split the check?","2731","1960","965","965","1280","3865","true","true","0.813","0","5","5","","The machine translation is highly accurate and natural, perfectly conveying the meaning of the source text in idiomatic English.","true"
"T020","en","2","dining","honorific","請問可以幫我們分開結帳嗎?","请 问 可 以 帮 我 们 分 开 结 帐 吗 ?","Could we split the bill, please?","2731","1630","941","941","1327","3841","true","true","0.781","0","5","5","","譯文非常準確且自然，完美傳達了原文「分開結帳」的要求。","true"
"T020","en","3","dining","honorific","請問可以幫我們分開結帳嗎?","请 问 可 以 帮 我 们 分 开 结 帐 吗 ?","Excuse me, could we split the bill?","2731","1691","968","968","1255","3868","true","true","0.844","0","5","5","","The machine translation is highly accurate and natural. 'Could we split the bill?' perfectly conveys the meaning of '可以幫我們分開結帳嗎?' and is a common, fluent English expression.","true"
"T020","ja","1","dining","honorific","請問可以幫我們分開結帳嗎?","请 问 可 以 帮 我 们 分 开 结 帐 吗 ?","すみません、別々に会計していただけますか?","2731","3360","1008","960","1718","3908","true","true","0.905","0","5","5","","譯文非常準確且自然，完整傳達了原文「分開結帳」的意思，且日語表達十分得體。","true"
"T020","ja","2","dining","honorific","請問可以幫我們分開結帳嗎?","请 问 可 以 帮 我 们 分 开 结 帐 吗 ?","すみません、別々に会計をしていただけますか?","2731","3180","986","962","1586","3885","true","true","0.952","0","5","5","","譯文非常準確且自然，完整傳達了原文「分開結帳」的意思，語氣也十分禮貌，與參考譯文幾乎一致。","true"
"T020","ja","3","dining","honorific","請問可以幫我們分開結帳嗎?","请 问 可 以 帮 我 们 分 开 结 帐 吗 ?","すみません、別々に会計していただけますか?","2731","3300","937","936","1657","3837","true","true","0.905","0","5","5","","譯文非常準確且自然，完整傳達了原文「分開結帳」的意思，語氣也十分禮貌客氣。","true"
"T021","en","1","shopping","negation|number","這個不要,我要旁邊那個藍色的,兩個多少錢?","这 个 不 要 , 我 要 旁 边 那 个 蓝 色 的 , 两 个 多 少 钱 ?","I don't want this one; I want the blue one beside it. How much are they both?","3811","4231","929","929","1870","4929","false","true","1.239","0","5","5","","The machine translation is highly accurate and natural. It perfectly conveys the meaning of the source text, including the preference for the blue item next to it and the inquiry about the price for both.","true"
"T021","en","2","shopping","negation|number","這個不要,我要旁邊那個藍色的,兩個多少錢?","这 个 不 要 , 我 要 旁 边 那 个 蓝 色 的 , 两 个 多 少 钱 ?","I don't want this one, I want that one next to it, the blue one. How much are the two?","3811","4210","980","957","2507","4980","true","true","1.348","0","5","5","","The machine translation is highly accurate and fluent. It correctly translates all parts of the source sentence, including the negation, the description of the item, and the question about the price for two items.","true"
"T021","en","3","shopping","negation|number","這個不要,我要旁邊那個藍色的,兩個多少錢?","这 个 不 要 , 我 要 旁 边 那 个 蓝 色 的 , 两 个 多 少 钱 ?","I don't want this one; I'd like the blue one next to it. How much are those two?","3811","4110","943","942","1908","4943","true","true","1.261","0","5","5","","機器譯文非常準確且自然地翻譯了原文的所有意思，語法完全正確，語氣也十分貼切。","true"
"T021","ja","1","shopping","negation|number","這個不要,我要旁邊那個藍色的,兩個多少錢?","这 个 不 要 , 我 要 旁 边 那 个 蓝 色 的 , 两 个 多 少 钱 ?","これは要らないです。隣の青いのをください。ふたつでいくらですか?","3811","5080","1007","1006","2831","5007","false","true","1.036","0","5","5","","譯文非常準確且自然。「我要旁邊那個藍色的」翻譯為「隣の青いのをください」（請給我旁邊那個藍色的），在購物情境中比直譯「ほしい」（想要）更為自然得體，語意完全忠實。","true"
"T021","ja","2","shopping","negation|number","這個不要,我要旁邊那個藍色的,兩個多少錢?","这 个 不 要 , 我 要 旁 边 那 个 蓝 色 的 , 两 个 多 少 钱 ?","これは要りません。隣の青いのが欲しいです。2つでいくらですか?","3811","4730","939","939","2139","4939","true","true","1","0","5","5","","機器譯文與參考譯文幾乎完全一致，僅有漢字與平假名書寫的微小差異（要りません/いりません、欲しい/ほしい），語意完全忠實且極為自然。","true"
"T021","ja","3","shopping","negation|number","這個不要,我要旁邊那個藍色的,兩個多少錢?","这 个 不 要 , 我 要 旁 边 那 个 蓝 色 的 , 两 个 多 少 钱 ?","これは要らないです。隣の青い方をください。2つでいくらですか?","3811","5201","1004","1004","2239","5005","true","true","1","0","5","5","","譯文非常準確且自然，完整傳達了原文的意思，日語表達十分道地。","true"
"T022","en","1","shopping","number","太貴了,算我三千塊可以嗎?","太 贵 了 , 算 我 3000 块 可 以 了 。","That's too expensive, just give it to me for 3000.","2771","3650","952","952","1849","3852","true","true","1","0.455","4","5","","The translation is fluent and grammatically correct. However, it changes the polite question '可以嗎？' (can you?) into a more demanding imperative 'just give it to me', which slightly alters the tone of the original request.","true"
"T022","en","2","shopping","number","太貴了,算我三千塊可以嗎?","太 贵 了 , 算 我 3000 块 可 以 了 。","That's too expensive, can you do 3000 dollars for me?","2771","3230","1011","965","1790","3910","true","true","1.079","0.455","5","5","","The machine translation is highly accurate and natural, perfectly conveying the meaning of the source text.","true"
"T022","en","3","shopping","number","太貴了,算我三千塊可以嗎?","太 贵 了 , 算 我 3000 块 可 以 了 。","That's too expensive, can you make it 3,000 dollars for me?","2771","3360","945","945","1724","3845","true","true","1.184","0.455","5","5","","The machine translation is highly accurate and natural. It perfectly conveys the meaning of the source text with correct numbers and appropriate phrasing.","true"
"T022","ja","1","shopping","number","太貴了,算我三千塊可以嗎?","太 贵 了 , 算 我 3000 块 可 以 了 。","高すぎます。3000円にまけてもらってもいいですか。","2771","4021","961","961","1928","3861","true","true","1.2","0.455","5","5","","譯文非常準確且自然。「算我三千塊」翻譯成「3000円にまけてもらう」（算便宜我到三千日圓）非常符合殺價的語境，意思表達得十分到位，日語表達也極為流暢。","true"
"T022","ja","2","shopping","number","太貴了,算我三千塊可以嗎?","太 贵 了 , 算 我 3000 块 可 以 了 。","高すぎますよ。3000円にしてもらってもいいですか。","2771","3540","957","956","1831","3857","true","true","1.2","0.455","5","5","","機器譯文非常準確且自然地翻譯了原文的意思。「太貴了」翻譯為「高すぎますよ」，「算我三千塊可以嗎？」翻譯為「3000円にしてもらってもいいですか」，語氣禮貌且符合日語表達習慣，與參考譯文幾乎一致。","true"
"T022","ja","3","shopping","number","太貴了,算我三千塊可以嗎?","太 贵 了 , 算 我 3000 块 可 以 了 。","高すぎます。3000円にしてもらえませんか。","2771","3260","978","978","1610","3879","true","true","1","0.455","5","5","","機器譯文與參考譯文完全一致，翻譯非常準確且自然。","true"
"T023","en","1","shopping","negation","請問這個價格是含稅還是不含稅?","请 问 这 个 价 格 是 含 税 还 是 不 含 税 ?","Excuse me, is this price tax-inclusive or tax-exclusive?","3891","4380","931","931","1894","4931","true","false","1.5","0","5","5","","The machine translation is exceptionally accurate and natural. It correctly translates '含稅還是不含稅' as 'tax-inclusive or tax-exclusive', which is highly professional and precise.","true"
"T023","en","2","shopping","negation","請問這個價格是含稅還是不含稅?","请 问 这 个 价 格 是 含 税 还 是 不 含 税 ?","Excuse me, is this price inclusive of tax or exclusive of tax?","3891","4340","929","928","2053","4928","true","false","1.633","0","5","5","","The translation is highly accurate, natural, and grammatically correct. It perfectly conveys the meaning of the source text, using appropriate terminology ('inclusive of tax' and 'exclusive of tax').","true"
"T023","en","3","shopping","negation","請問這個價格是含稅還是不含稅?","请 问 这 个 价 格 是 含 税 还 是 不 含 税 ?","Excuse me, is this price inclusive of tax or exclusive of tax?","3891","4720","939","914","1969","4938","true","false","1.633","0","5","5","","The translation is highly accurate, natural, and grammatically correct. It perfectly conveys the meaning of the source text, using appropriate terminology ('inclusive of tax' and 'exclusive of tax').","true"
"T023","ja","1","shopping","negation","請問這個價格是含稅還是不含稅?","请 问 这 个 价 格 是 含 税 还 是 不 含 税 ?","すみません、この価格は税込みですか、それとも税抜きですか?","3891","4221","1012","1012","1800","5011","true","true","1.238","0","5","5","","譯文非常準確且自然。機器譯文中的「すみません」完美對應了原文的「請問」，「価格」與「値段」皆為「價格」的合適日文表達，整句文法與語氣皆十分道地。","true"
"T023","ja","2","shopping","negation","請問這個價格是含稅還是不含稅?","请 问 这 个 价 格 是 含 税 还 是 不 含 税 ?","あの、この価格は税込みですか、それとも税抜きですか?","3891","4370","932","910","2968","4931","true","true","1.095","0","5","5","","譯文非常準確且自然。開頭加上「あの」符合口語口譯的情境，完美傳達了原文「請問這個價格是含稅還是不含稅？」的所有語意。","true"
"T023","ja","3","shopping","negation","請問這個價格是含稅還是不含稅?","请 问 这 个 价 格 是 含 税 还 是 不 含 税 ?","すみません、この価格は税込みですか、それとも税抜きですか?","3891","4580","939","939","1899","4938","true","true","1.238","0","5","5","","譯文非常準確且自然。機器譯文中的「すみません」完美對應了原文的「請問」，「価格」與「値段」皆為「價格」的合適日文表達，整句文法與語氣皆十分道地。","true"
"T024","en","1","shopping","number|sentence-final","這件如果打八折的話,我就買兩件。","这 件 如 果 打 八 折 的 话 , 我 就 买 两 件 。","If this one is 20% off, I'll buy two.","3491","3000","977","977","1715","4576","true","true","0.758","0","5","5","","The translation is highly accurate and natural. '打八折' (80% of original price) is correctly translated as '20% off'.","true"
"T024","en","2","shopping","number|sentence-final","這件如果打八折的話,我就買兩件。","这 件 如 果 打 八 折 的 话 , 我 就 买 两 件 。","If this item is 20% off, I'll buy two.","3491","2750","945","945","1444","4545","true","true","0.788","0","5","5","","The translation is highly accurate and natural. '打八折' is correctly translated as '20% off', and all other elements are perfectly preserved.","true"
"T024","en","3","shopping","number|sentence-final","這件如果打八折的話,我就買兩件。","这 件 如 果 打 八 折 的 话 , 我 就 买 两 件 。","If this item is 20% off, I'll buy two.","3491","3170","946","945","1690","4545","true","true","0.788","0","5","5","","The translation is highly accurate and natural. '打八折' is correctly translated as '20% off', and the overall sentence structure is perfect.","true"
"T024","ja","1","shopping","number|sentence-final","這件如果打八折的話,我就買兩件。","这 件 如 果 打 八 折 的 话 , 我 就 买 两 件 。","これ、もし2割引きになるなら、2つ買います。","3491","3120","942","942","1625","4542","true","true","1.056","0","5","5","","譯文非常準確且自然。「打八折」正確地翻譯為「2割引き」（即八折/減價二成），「兩件」翻譯為「2つ」在口語中也非常自然，語意完全忠實，無任何錯誤。","true"
"T024","ja","2","shopping","number|sentence-final","這件如果打八折的話,我就買兩件。","这 件 如 果 打 八 折 的 话 , 我 就 买 两 件 。","これが20%引きなら、2着買います。","3491","3160","1010","988","1642","4610","true","true","0.833","0","5","5","","譯文非常準確且自然。「打八折」正確地翻譯為「20%引き」（即減價20%），數量與語意皆完全符合原文。","true"
"T024","ja","3","shopping","number|sentence-final","這件如果打八折的話,我就買兩件。","这 件 如 果 打 八 折 的 话 , 我 就 买 两 件 。","これが20パーセント引きになるなら、2枚買います。","3491","3190","957","957","1781","4556","true","true","1.278","0","5","5","","The translation is highly accurate and natural. '打八折' (20% off) is correctly translated as '20パーセント引き'. '兩件' is translated as '2枚', which is natural for many clothing items, although the reference uses '2着'. The overall meaning is perfectly preserved.","true"
"T025","en","1","shopping","code-switch","有沒有 limited edition 的款式?我在 Instagram 上看到的。","有 没 有 limited edition 的 款 式 ? 我 在 Instagram 上 看 到 的 。","Are there any limited edition styles? I saw them on Instagram.","4531","3661","931","931","2589","5631","true","true","1","0","5","5","","The machine translation is highly accurate and natural. It perfectly conveys the meaning of the source text with correct grammar and appropriate vocabulary.","true"
"T025","en","2","shopping","code-switch","有沒有 limited edition 的款式?我在 Instagram 上看到的。","有 没 有 limited edition 的 款 式 ? 我 在 Instagram 上 看 到 的 。","Are there any limited edition styles? I saw them on Instagram.","4531","3680","945","942","1651","5645","true","true","1","0","5","5","","The machine translation is highly accurate and natural. It perfectly conveys the meaning of the source text with correct grammar and appropriate vocabulary.","true"
"T025","en","3","shopping","code-switch","有沒有 limited edition 的款式?我在 Instagram 上看到的。","有 没 有 limited edition 的 款 式 ? 我 在 Instagram 上 看 到 的 。","Are there any limited edition styles? I saw them on Instagram.","4531","3590","1038","1015","1824","5739","true","true","1","0","5","5","","The machine translation is highly accurate and natural. It perfectly conveys the meaning of the source text with correct grammar and vocabulary.","true"
"T025","ja","1","shopping","code-switch","有沒有 limited edition 的款式?我在 Instagram 上看到的。","有 没 有 limited edition 的 款 式 ? 我 在 Instagram 上 看 到 的 。","限定版のデザインはありますか?Instagramで見たのですが。","4531","3850","996","970","1901","5696","true","true","1.111","0","5","5","","機器譯文非常準確且自然。「款式」譯為「デザイン」（設計/款式）非常貼切，後半句的翻譯也完全符合日語的日常表達習慣，語意與語氣皆與參考譯文相當。","true"
"T025","ja","2","shopping","code-switch","有沒有 limited edition 的款式?我在 Instagram 上看到的。","有 没 有 limited edition 的 款 式 ? 我 在 Instagram 上 看 到 的 。","リミテッドエディションのモデルはありますか?Instagramで見たのですが。","4531","4771","977","955","2115","5677","true","true","1.37","0","5","5","","譯文非常準確且自然。「limited edition」翻譯為外來語「リミテッドエディション」完全符合日語習慣，後半句的翻譯也十分流暢，與參考譯文語意完全一致。","true"
"T025","ja","3","shopping","code-switch","有沒有 limited edition 的款式?我在 Instagram 上看到的。","有 没 有 limited edition 的 款 式 ? 我 在 Instagram 上 看 到 的 。","限定版のデザインはありますか?Instagramで見たのですが。","4531","4060","972","972","1920","5672","true","true","1.111","0","5","5","","機器譯文非常準確且自然。「款式」譯為「デザイン」（設計/款式）非常貼切，後半句的翻譯也完全符合日語的日常表達習慣，語意與語氣皆與參考譯文相當。","true"
"T026","en","1","shopping","negation|sentence-final","我考慮了一下,這個還是先不買好了。","我 考 虑 了 一 下 , 这 个 还 是 先 不 买 好 了 。","I've thought about it, and I think I'll hold off on buying this for now.","3291","3480","978","950","1756","4378","true","false","1.385","0","5","5","","The machine translation is excellent. It accurately conveys the meaning of the source text with natural phrasing. 'Hold off on buying this for now' is a perfect translation for '還是先不買好了'.","true"
"T026","en","2","shopping","negation|sentence-final","我考慮了一下,這個還是先不買好了。","我 考 虑 了 一 下 , 这 个 还 是 先 不 买 好 了 。","I've thought about it, and I think I'll hold off on buying this for now.","3291","3980","963","941","1928","4363","true","false","1.385","0","5","5","","譯文非常準確且自然。「hold off on buying this for now」完美地傳達了「還是先不買好了」的意思，語意忠實度與流暢度皆極佳。","true"
"T026","en","3","shopping","negation|sentence-final","我考慮了一下,這個還是先不買好了。","我 考 虑 了 一 下 , 这 个 还 是 先 不 买 好 了 。","I thought about it, and I think I'll hold off on buying this for now.","3291","3901","947","947","1849","4346","true","false","1.333","0","5","5","","The machine translation is highly accurate and natural. 'Hold off on buying this for now' is an excellent and idiomatic translation of '還是先不買好了'.","true"
"T026","ja","1","shopping","negation|sentence-final","我考慮了一下,這個還是先不買好了。","我 考 虑 了 一 下 , 这 个 还 是 先 不 买 好 了 。","少し考えてみたのですが、これはまだ買わないでおこうと思います。","3291","4520","962","962","2040","4363","true","true","1.036","0","5","5","","譯文非常準確且自然。「考慮了一下」翻譯為「少し考えてみたのですが」，「這個還是先不買好了」翻譯為「これはまだ買わないでおこうと思います」，完美傳達了說話者猶豫後決定先不購買的語意，語氣也十分自然流暢。","true"
"T026","ja","2","shopping","negation|sentence-final","我考慮了一下,這個還是先不買好了。","我 考 虑 了 一 下 , 这 个 还 是 先 不 买 好 了 。","ちょっと考えたのですが、これはまだ買わないことにします。","3291","4230","1200","1084","2531","4599","true","true","0.929","0","5","5","","譯文非常準確且自然。「我考慮了一下」譯為「ちょっと考えたのですが」，「這個還是先不買好了」譯為「これはまだ買わないことにします」，完美傳達了原文「先不買」的意思，語意忠實度與流暢度皆極佳。","true"
"T026","ja","3","shopping","negation|sentence-final","我考慮了一下,這個還是先不買好了。","我 考 虑 了 一 下 , 这 个 还 是 先 不 买 好 了 。","少し考えましたが、これはまだ買わないでおこうと思います。","3291","4481","987","987","2036","4386","true","true","0.929","0","5","5","","譯文非常準確且自然地傳達了原文的意思。「考慮了一下」翻譯為「少し考えましたが」，「還是先不買好了」翻譯為「まだ買わないでおこうと思います」，語氣與語意皆十分貼切。","true"
"T027","en","1","shopping","number","可以退稅嗎?我總共買了超過五千日圓。","可 以 退 税 吗 ? 我 总 共 买 了 超 过 五 千 日 元 。","Can I get a tax refund? I spent over five thousand yen in total.","3771","3320","988","966","2196","4888","false","true","0.907","0.063","5","5","","The translation is highly accurate and natural. 'I spent over five thousand yen in total' is a very natural and correct translation of the source text.","true"
"T027","en","2","shopping","number","可以退稅嗎?我總共買了超過五千日圓。","可 以 退 税 吗 ? 我 总 共 买 了 超 过 五 千 日 元 。","Can I get a tax refund? My total purchase was over 5,000 yen.","3771","4200","975","953","2510","4874","true","true","0.852","0.063","5","5","","譯文非常準確且自然，完美傳達了原文的意思，無任何錯誤。","true"
"T027","en","3","shopping","number","可以退稅嗎?我總共買了超過五千日圓。","可 以 退 税 吗 ? 我 总 共 买 了 超 过 五 千 日 元 。","Can I get a tax refund? I bought more than 5000 yen worth of stuff.","3771","3810","975","971","2017","4875","true","true","0.944","0.063","5","5","","The translation is highly accurate and natural. It perfectly conveys the meaning of the source text with excellent fluency.","true"
"T027","ja","1","shopping","number","可以退稅嗎?我總共買了超過五千日圓。","可 以 退 税 吗 ? 我 总 共 买 了 超 过 五 千 日 元 。","免税はできますか?合計で五千円以上買いました。","3771","3721","977","977","1810","4876","true","true","0.955","0.063","5","5","","譯文非常準確且自然。「免税はできますか？」與「合計で五千円以上買いました」完全符合原文語意，且日文表達十分道地。","true"
"T027","ja","2","shopping","number","可以退稅嗎?我總共買了超過五千日圓。","可 以 退 税 吗 ? 我 总 共 买 了 超 过 五 千 日 元 。","免税はできますか?合計で5000円以上買いました。","3771","3900","969","969","1844","4868","true","true","1.045","0.063","5","5","","譯文非常準確且自然。「免税はできますか？」與「合計で5000円以上買いました」完全忠實於原文，且符合日語口語表達習慣。","true"
"T027","ja","3","shopping","number","可以退稅嗎?我總共買了超過五千日圓。","可 以 退 税 吗 ? 我 总 共 买 了 超 过 五 千 日 元 。","免税は可能ですか?合計で5000円以上買いました。","3771","4030","937","936","1851","4837","true","true","1.045","0.063","5","5","","譯文非常準確且自然。「免税は可能ですか」與「合計で5000円以上買いました」完全符合原文意思，且符合日文口語表達習慣。","true"
"T028","en","1","hotel","proper-noun|number","我有訂房,名字是陳大文,今天住兩個晚上。","我 有 订 房 , 名 字 是 陈 大 文 , 今 天 住 两 个 晚 上 。","I have a reservation under the name David Chen, staying for two nights.","5251","4440","939","936","2140","6339","true","true","0.905","0","4","5","name_mangled|omission","譯文將中文名字「陳大文」翻譯為「David Chen」，屬於人名翻譯錯誤（name_mangled）。此外，譯文漏譯了「今天」（from today），但整體語意仍算通順，故給予 adequacy 4 分，fluency 5 分。","true"
"T028","en","2","hotel","proper-noun|number","我有訂房,名字是陳大文,今天住兩個晚上。","我 有 订 房 , 名 字 是 陈 大 文 , 今 天 住 两 个 晚 上 。","I have a reservation under the name condition Chen for two nights starting today.","5251","4680","1010","947","3562","6410","true","true","1.063","0","4","4","name_mangled","The name '陳大文' (Chen Ta-wen) was incorrectly translated as 'condition Chen' (name_mangled). The rest of the translation is accurate and fluent.","true"
"T028","en","3","hotel","proper-noun|number","我有訂房,名字是陳大文,今天住兩個晚上。","我 有 订 房 , 名 字 是 陈 大 文 , 今 天 住 两 个 晚 上 。","I have a reservation under the name David Chen, staying for two nights tonight.","5251","4900","942","942","2120","6342","true","true","1.016","0","4","4","name_mangled","譯文將「陳大文」翻譯為「David Chen」，屬於人名錯誤（name_mangled）。此外，「今天住兩個晚上」翻譯為「staying for two nights tonight」在英文語意上有些微不自然（通常會說 starting tonight 或 from today），但整體語意仍算清晰。","true"
"T028","ja","1","hotel","proper-noun|number","我有訂房,名字是陳大文,今天住兩個晚上。","我 有 订 房 , 名 字 是 陈 大 文 , 今 天 住 两 个 晚 上 。","予約しています、陳大文と申します。今日から2泊です。","5251","4671","943","943","3481","6342","true","true","0.885","0","5","5","","譯文非常準確且自然。將「名字是陳大文」翻譯為「陳大文と申します」符合日語在飯店辦理入住時的禮貌表達，語意完整且流暢。","true"
"T028","ja","2","hotel","proper-noun|number","我有訂房,名字是陳大文,今天住兩個晚上。","我 有 订 房 , 名 字 是 陈 大 文 , 今 天 住 两 个 晚 上 。","予約しています。名前は陳大文です。今日から2泊です。","5251","5000","950","949","2044","6350","true","true","0.885","0","5","5","","譯文非常準確且自然，與參考譯文幾乎完全一致。人名「陳大文」在日文中直接使用漢字也是完全正確且合適的表達方式。","true"
"T028","ja","3","hotel","proper-noun|number","我有訂房,名字是陳大文,今天住兩個晚上。","我 有 订 房 , 名 字 是 陈 大 文 , 今 天 住 两 个 晚 上 。","予約しています。名前はチェン・ダーウェンです。今日から2泊します。","5251","5040","979","957","2095","6384","true","true","1.115","0","5","5","","譯文非常準確且自然。名字「陳大文」音譯為「チェン・ダーウェン」（華語發音），與參考譯文的日語漢字音讀「チン・ダイブン」相比同樣正確且在現代日語中更為常見。整體語意完整，無任何錯誤。","true"
"T029","en","1","hotel","negation","我沒有訂房,請問今晚還有空房嗎?","我 没 有 订 房 , 请 问 今 晚 还 有 空 房 吗 ?","I don't have a reservation. Are there any rooms available tonight?","3411","3171","987","987","1835","4587","true","true","0.981","0","5","5","","The machine translation is highly accurate and natural, perfectly conveying the meaning of the source text and matching the reference translation closely.","true"
"T029","en","2","hotel","negation","我沒有訂房,請問今晚還有空房嗎?","我 没 有 订 房 , 请 问 今 晚 还 有 空 房 吗 ?","I don't have a reservation, are there any rooms available tonight?","3411","3290","1019","996","1552","4618","true","true","0.981","0","5","5","","The machine translation is highly accurate and natural. It perfectly conveys the meaning of the source text without any errors.","true"
"T029","en","3","hotel","negation","我沒有訂房,請問今晚還有空房嗎?","我 没 有 订 房 , 请 问 今 晚 还 有 空 房 吗 ?","I don't have a reservation. Do you have any vacancies tonight?","3411","3561","1032","1032","1722","4632","true","true","0.907","0","5","5","","The translation is accurate and natural. 'I don't have a reservation' perfectly translates '我沒有訂房', and 'Do you have any vacancies tonight?' is a very natural way to ask '請問今晚還有空房嗎?'.","true"
"T029","ja","1","hotel","negation","我沒有訂房,請問今晚還有空房嗎?","我 没 有 订 房 , 请 问 今 晚 还 有 空 房 吗 ?","予約はしていないのですが、今夜空いている部屋はありますか?","3411","4181","981","981","1849","4581","true","true","1.038","0","5","5","","譯文非常準確且自然，完整傳達了原文的意思，與參考譯文幾乎一致，文法與語氣皆十分得體。","true"
"T029","ja","2","hotel","negation","我沒有訂房,請問今晚還有空房嗎?","我 没 有 订 房 , 请 问 今 晚 还 有 空 房 吗 ?","予約していないのですが、今夜空き部屋はありますか?","3411","3740","944","944","1718","4545","true","true","0.885","0","5","5","","The translation is highly accurate and natural, conveying the exact meaning of the source text with appropriate politeness.","true"
"T029","ja","3","hotel","negation","我沒有訂房,請問今晚還有空房嗎?","我 没 有 订 房 , 请 问 今 晚 还 有 空 房 吗 ?","予約はしていませんが、今夜空き部屋はありますか?","3411","3680","921","919","1740","4521","true","true","0.846","0","5","5","","譯文非常準確且自然，完整傳達了原文的意思，文法與語氣皆符合日語習慣。","true"
"T030","en","1","hotel","number","請問退房時間是早上十點還是十一點?","请 问 退 房 时 间 是 早 上 10 点 还 是 11 点 ?","Excuse me, is check-out time 10 AM or 11 AM?","4171","3500","915","915","1691","5215","true","true","0.914","0.25","5","5","","The translation is highly accurate and natural, perfectly conveying the meaning of the source sentence.","true"
"T030","en","2","hotel","number","請問退房時間是早上十點還是十一點?","请 问 退 房 时 间 是 早 上 10 点 还 是 11 点 ?","Excuse me, is checkout time at 10 AM or 11 AM?","4171","4170","933","933","1947","5232","true","true","0.971","0.25","5","5","","The machine translation is highly accurate and natural, perfectly conveying the meaning of the source text with no errors.","true"
"T030","en","3","hotel","number","請問退房時間是早上十點還是十一點?","请 问 退 房 时 间 是 早 上 10 点 还 是 11 点 ?","Excuse me, is the check-out time 10 AM or 11 AM?","4171","3980","933","933","1749","5233","true","true","1","0.25","5","5","","譯文非常準確且自然，完整傳達了原文的意思，無任何錯誤。","true"
"T030","ja","1","hotel","number","請問退房時間是早上十點還是十一點?","请 问 退 房 时 间 是 早 上 10 点 还 是 11 点 ?","チェックアウトの時間は、朝の10時ですか?それとも11時ですか?","4171","5030","947","947","2242","5247","true","true","1.16","0.25","5","5","","譯文非常準確且自然，完整傳達了原文的意思，無任何錯誤。","true"
"T030","ja","2","hotel","number","請問退房時間是早上十點還是十一點?","请 问 退 房 时 间 是 早 上 10 点 还 是 11 点 ?","チェックアウト時間は、午前10時ですか、それとも11時ですか?","4171","4480","925","925","2481","5224","true","true","1.12","0.25","5","5","","機器譯文非常準確且自然地翻譯了原文的所有訊息，語意完全忠實，日語表達也十分流暢。","true"
"T030","ja","3","hotel","number","請問退房時間是早上十點還是十一點?","请 问 退 房 时 间 是 早 上 10 点 还 是 11 点 ?","チェックアウトの時間は午前10時ですか、それとも11時ですか?","4171","4921","947","927","1994","5247","true","true","1.16","0.25","5","5","","機器譯文非常準確且自然地翻譯了原文的意思，與參考譯文幾乎一致，僅在「早上」的翻譯上使用了「午前」而非「朝」，兩者皆符合日文習慣，無任何錯誤。","true"
"T031","en","1","hotel","honorific","房間的冷氣好像壞了,可以請人來看一下嗎?","房 间 的 冷 气 好 像 坏 了 , 可 以 请 人 来 看 一 下 吗 ?","The air conditioning in the room seems to be broken, could you have someone come take a look?","3971","4840","923","923","2042","5023","true","true","1.057","0","5","5","","The machine translation is exceptionally accurate and natural. It perfectly conveys the meaning of the source text with correct grammar and phrasing.","true"
"T031","en","2","hotel","honorific","房間的冷氣好像壞了,可以請人來看一下嗎?","房 间 的 冷 气 好 像 坏 了 , 可 以 请 人 来 看 一 下 吗 ?","It seems like the air conditioning in the room isn't working; could someone come take a look?","3971","4400","1015","991","2143","5116","true","true","1.057","0","5","5","","The machine translation is exceptionally accurate and natural. It perfectly conveys the meaning of the source text with correct grammar and appropriate phrasing.","true"
"T031","en","3","hotel","honorific","房間的冷氣好像壞了,可以請人來看一下嗎?","房 间 的 冷 气 好 像 坏 了 , 可 以 请 人 来 看 一 下 吗 ?","It seems the air conditioning in the room is broken; could you have someone check it?","3971","4160","957","933","1924","5056","true","true","0.971","0","5","5","","The machine translation is exceptionally accurate and natural. It perfectly conveys the meaning of the source text with correct grammar and appropriate phrasing.","true"
"T031","ja","1","hotel","honorific","房間的冷氣好像壞了,可以請人來看一下嗎?","房 间 的 冷 气 好 像 坏 了 , 可 以 请 人 来 看 一 下 吗 ?","部屋の冷房が壊れてしまったようです。どなたかに見ていただけますか?","3971","4520","933","933","1872","5033","true","true","0.861","0","5","5","","譯文非常準確且自然，完整傳達了原文的意思，日語表達也十分得體。","true"
"T031","ja","2","hotel","honorific","房間的冷氣好像壞了,可以請人來看一下嗎?","房 间 的 冷 气 好 像 坏 了 , 可 以 请 人 来 看 一 下 吗 ?","部屋の冷房が壊れているようです。どなたかに見ていただくことはできますか?","3971","5400","1132","920","3929","5232","true","true","0.944","0","5","5","","譯文非常準確且自然。「冷房」正確對應「冷氣」，後半句的請求表達「どなたかに見ていただくことはできますか」也非常得體、流暢，完全符合日語的日常禮貌表達。","true"
"T031","ja","3","hotel","honorific","房間的冷氣好像壞了,可以請人來看一下嗎?","房 间 的 冷 气 好 像 坏 了 , 可 以 请 人 来 看 一 下 吗 ?","部屋の冷房が壊れているみたいです。どなたかに見ていただくことはできますか?","3971","5360","973","932","2265","5074","true","true","0.972","0","5","5","","譯文非常準確且自然。「冷房」精確對應「冷氣」，後半句「どなたかに見ていただくことはできますか」也以非常得體、禮貌的日語表達了「可以請人來看一下嗎」，語意完全忠實，語感極佳。","true"
"T032","en","1","hotel","negation","我明天不需要打掃房間,謝謝。","我 明 天 不 需 要 打 扫 房 间 , 谢 谢 。","I don't need to clean the room tomorrow, thank you.","3451","2851","983","926","1691","4583","true","true","1.026","0","5","5","","The machine translation is highly accurate and grammatically correct, perfectly conveying the meaning of the source text.","true"
"T032","en","2","hotel","negation","我明天不需要打掃房間,謝謝。","我 明 天 不 需 要 打 扫 房 间 , 谢 谢 。","I don't need to clean the room tomorrow, thank you.","3451","2230","942","942","1487","4542","true","true","1.026","0","5","5","","The translation is highly accurate and natural, perfectly conveying the meaning of the source text without any errors.","true"
"T032","en","3","hotel","negation","我明天不需要打掃房間,謝謝。","我 明 天 不 需 要 打 扫 房 间 , 谢 谢 。","I don't need to clean my room tomorrow, thank you.","3451","2851","953","931","1435","4553","true","true","1","0","5","5","","The machine translation is highly accurate and perfectly natural, conveying the exact meaning of the source text without any errors.","true"
"T032","ja","1","hotel","negation","我明天不需要打掃房間,謝謝。","我 明 天 不 需 要 打 扫 房 间 , 谢 谢 。","明日、部屋の掃除は必要ありません。ありがとうございます。","3451","3380","926","925","1741","4527","true","true","1.087","0","5","5","","譯文非常準確且自然，完整傳達了原文的意思，文法與語氣皆十分恰當。","true"
"T032","ja","2","hotel","negation","我明天不需要打掃房間,謝謝。","我 明 天 不 需 要 打 扫 房 间 , 谢 谢 。","明日、部屋の掃除は必要ありません。ありがとうございます。","3451","4040","951","951","1765","4551","true","true","1.087","0","5","5","","譯文非常準確且自然，完整傳達了原文的意思，文法與語氣皆十分恰當。","true"
"T032","ja","3","hotel","negation","我明天不需要打掃房間,謝謝。","我 明 天 不 需 要 打 扫 房 间 , 谢 谢 。","明日、部屋の掃除は必要ありません。ありがとうございます。","3451","3900","939","935","1747","4539","true","true","1.087","0","5","5","","譯文非常準確且自然，完整傳達了原文的意思，日語表達得體、流暢。","true"
"T033","en","1","hotel","number","可以幫我叫一台計程車嗎?明天早上六點半要到機場。","可 以 帮 我 叫 一 台 出 租 车 吗 ? 明 天 早 上 6 点 半 要 到 机 场 。","Could you call me a taxi? I need to be at the airport at 6:30 AM tomorrow.","4851","4480","938","915","2056","5937","true","true","0.797","0.136","5","5","","The machine translation is exceptionally accurate and natural. It perfectly conveys the meaning of the source text with correct grammar and appropriate phrasing.","true"
"T033","en","2","hotel","number","可以幫我叫一台計程車嗎?明天早上六點半要到機場。","可 以 帮 我 叫 一 台 出 租 车 吗 ? 明 天 早 上 6 点 半 要 到 机 场 。","Could you call me a taxi? I need to be at the airport tomorrow morning at 6:30.","4851","4620","1042","1042","2031","6041","true","true","0.87","0.136","5","5","","The machine translation is exceptionally accurate and natural. It perfectly conveys the meaning of the source text with correct grammar and phrasing.","true"
"T033","en","3","hotel","number","可以幫我叫一台計程車嗎?明天早上六點半要到機場。","可 以 帮 我 叫 一 台 出 租 车 吗 ? 明 天 早 上 6 点 半 要 到 机 场 。","Could you call me a taxi? I need to be at the airport at 6:30 tomorrow morning.","4851","5000","956","956","2237","5955","true","true","0.87","0.136","5","5","","The machine translation is exceptionally accurate and natural. It perfectly conveys the meaning of the source text with correct grammar and phrasing.","true"
"T033","ja","1","hotel","number","可以幫我叫一台計程車嗎?明天早上六點半要到機場。","可 以 帮 我 叫 一 台 出 租 车 吗 ? 明 天 早 上 6 点 半 要 到 机 场 。","タクシーを一台呼んでいただけますか。明日の朝6時半に空港に着きたいので。","4851","5540","926","926","2338","5927","true","true","0.971","0.136","5","5","","譯文非常準確且自然。後半句使用「着きたいので」（因為想在...抵達）來解釋叫計程車的原因，語境上十分通順，完全符合原文意思。","true"
"T033","ja","2","hotel","number","可以幫我叫一台計程車嗎?明天早上六點半要到機場。","可 以 帮 我 叫 一 台 出 租 车 吗 ? 明 天 早 上 6 点 半 要 到 机 场 。","タクシーを1台呼んでいただけますか?明日の朝6時半に空港へ行きたいので。","4851","5500","944","944","2317","5944","true","true","0.971","0.136","5","5","","譯文非常準確且自然，完整傳達了原文的意思，語氣也十分得體，與參考譯文幾乎一致。","true"
"T033","ja","3","hotel","number","可以幫我叫一台計程車嗎?明天早上六點半要到機場。","可 以 帮 我 叫 一 台 出 租 车 吗 ? 明 天 早 上 6 点 半 要 到 机 场 。","タクシーを1台呼んでいただけますか?明朝6時半までに空港に行きたいのです。","4851","5650","983","979","2485","5983","true","true","1","0.136","5","5","","機器翻譯非常準確且自然。「明天早上」譯為「明朝」，「六點半要到」譯為「6時半までに（空港に行きたい）」，語意完全符合且日文表達十分流暢，與參考譯文幾乎無異。","true"
"T034","en","1","emergency","","救命!請幫我叫救護車!","救 命 , 请 帮 我 叫 救 护 车 。","Help! Please call an ambulance for me.","2491","2190","930","930","1598","3531","true","true","1.2","0","5","5","","The translation is highly accurate and natural, perfectly conveying the urgency of the source text. The addition of 'for me' correctly reflects '幫我' in the source.","true"
"T034","en","2","emergency","","救命!請幫我叫救護車!","救 命 , 请 帮 我 叫 救 护 车 。","Help! Please call an ambulance for me.","2491","2300","941","939","1328","3540","true","true","1.2","0","5","5","","The translation is highly accurate and natural, perfectly conveying the urgency of the source text. The addition of 'for me' correctly reflects '幫我' in the source.","true"
"T034","en","3","emergency","","救命!請幫我叫救護車!","救 命 , 请 帮 我 叫 救 护 车 。","Help! Please call an ambulance for me.","2491","2200","950","949","1442","3550","true","true","1.2","0","5","5","","The translation is highly accurate and natural. It perfectly conveys the meaning and urgency of the source text, with 'for me' correctly translating '幫我'.","true"
"T034","ja","1","emergency","","救命!請幫我叫救護車!","救 命 , 请 帮 我 叫 救 护 车 。","助けてください、救急車を呼んでください。","2491","2490","983","983","1484","3582","true","true","1.286","0","5","5","","譯文非常準確且自然，完整傳達了原文緊急求助的語意，日語表達十分流暢。","true"
"T034","ja","2","emergency","","救命!請幫我叫救護車!","救 命 , 请 帮 我 叫 救 护 车 。","助けてください、救急車を呼んでください。","2491","3161","948","924","1492","3548","true","true","1.286","0","5","5","","譯文非常準確且自然，完整傳達了原文的緊急求救語意，無任何錯誤。","true"
"T034","ja","3","emergency","","救命!請幫我叫救護車!","救 命 , 请 帮 我 叫 救 护 车 。","助けて！救急車を呼んでください！","2491","2161","952","952","1361","3552","true","true","1","0","5","5","","譯文與參考譯文完全一致，語意準確且表達自然。","true"
"T035","en","1","emergency","sentence-final","我的護照不見了,請問警察局在哪裡?","我 的 护 照 不 见 了 , 请 问 警 察 局 在 哪 里 ?","My passport is missing. Could you tell me where the police station is?","3571","3790","1011","1008","2022","4710","true","true","1.333","0","5","5","","The machine translation is highly accurate and natural. It perfectly conveys the meaning of the source text, and the addition of 'Could you tell me' is a very natural way to translate '請問'.","true"
"T035","en","2","emergency","sentence-final","我的護照不見了,請問警察局在哪裡?","我 的 护 照 不 见 了 , 请 问 警 察 局 在 哪 里 ?","My passport is missing. Could you tell me where the police station is?","3571","3460","1023","1023","2140","4722","true","true","1.333","0","5","5","","The machine translation is highly accurate and natural. It perfectly conveys the meaning of the source text, and the addition of 'Could you tell me' is a very natural way to translate '請問'.","true"
"T035","en","3","emergency","sentence-final","我的護照不見了,請問警察局在哪裡?","我 的 护 照 不 见 了 , 请 问 警 察 局 在 哪 里 ?","My passport is missing, could you tell me where the police station is?","3571","3800","1112","1112","1859","4812","true","true","1.333","0","5","5","","The machine translation is highly accurate and natural. It perfectly conveys the meaning of the source text with excellent grammar and phrasing.","true"
"T035","ja","1","emergency","sentence-final","我的護照不見了,請問警察局在哪裡?","我 的 护 照 不 见 了 , 请 问 警 察 局 在 哪 里 ?","パスポートがなくなりました。警察署はどこですか?","3571","3900","1096","1096","1848","4795","true","true","0.88","0","5","5","","The machine translation is highly accurate and natural. 'パスポートがなくなりました' (My passport is gone) is a very common and natural way to express '我的護照不見了' in Japanese, and '警察署はどこですか？' is a correct translation for the second part. There are no grammatical or semantic errors.","true"
"T035","ja","2","emergency","sentence-final","我的護照不見了,請問警察局在哪裡?","我 的 护 照 不 见 了 , 请 问 警 察 局 在 哪 里 ?","パスポートをなくしてしまいました。警察署はどこにありますか?","3571","4461","1031","1031","2105","4731","true","true","1.12","0","5","5","","譯文非常準確且自然，完美傳達了原文的意思，文法與語氣皆十分恰當。","true"
"T035","ja","3","emergency","sentence-final","我的護照不見了,請問警察局在哪裡?","我 的 护 照 不 见 了 , 请 问 警 察 局 在 哪 里 ?","パスポートを失くしてしまいました。警察署はどこですか?","3571","3971","1062","1030","1834","4762","true","true","1","0","5","5","","譯文非常準確且自然，與參考譯文幾乎完全一致，僅在「なくして」的漢字使用上有所不同（失くして），語意與流暢度皆為滿分。","true"
"T036","en","1","emergency","negation","我頭很暈,但是我沒有心臟病的病史。","我 头 很 晕 , 但 是 我 没 有 心 脏 病 的 病 史 。","I am very dizzy, but I don't have a history of heart disease.","3731","3750","985","985","1763","4885","true","true","0.92","0.067","5","5","","The machine translation is highly accurate and natural. It perfectly conveys the meaning of the source text and is grammatically correct, matching the reference translation almost exactly.","true"
"T036","en","2","emergency","negation","我頭很暈,但是我沒有心臟病的病史。","我 头 很 晕 , 但 是 我 没 有 心 脏 病 的 病 史 。","I'm very dizzy, but I don't have any history of heart disease.","3731","3560","979","956","1961","4879","true","true","0.94","0.067","5","5","","The machine translation is highly accurate and natural. It conveys the exact meaning of the source text and is almost identical to the reference translation.","true"
"T036","en","3","emergency","negation","我頭很暈,但是我沒有心臟病的病史。","我 头 很 晕 , 但 是 我 没 有 心 脏 病 的 病 史 。","I am very dizzy, but I don't have a history of heart disease.","3731","3720","965","940","1738","4866","true","true","0.92","0.067","5","5","","The machine translation is highly accurate and natural. It perfectly conveys the meaning of the source text and is grammatically correct, closely matching the reference translation.","true"
"T036","ja","1","emergency","negation","我頭很暈,但是我沒有心臟病的病史。","我 头 很 晕 , 但 是 我 没 有 心 脏 病 的 病 史 。","とてもめまいがしますが、心臓病の既往歴はありません。","3731","4000","949","949","2437","4849","true","true","1","0.067","5","5","","譯文非常準確且自然，完整傳達了原文的意思，日語表達十分流暢，與參考譯文一樣好。","true"
"T036","ja","2","emergency","negation","我頭很暈,但是我沒有心臟病的病史。","我 头 很 晕 , 但 是 我 没 有 心 脏 病 的 病 史 。","頭がとてもふらふらしますが、心臓病の既往歴はありません。","3731","4740","935","935","2076","4835","true","true","1.083","0.067","5","5","","譯文非常準確且自然。「頭がとてもふらふらします」很好地傳達了「我頭很暈」的意思，後半句「心臓病の既往歴はありません」也完全符合醫學情境與原文語意，無任何錯誤。","true"
"T036","ja","3","emergency","negation","我頭很暈,但是我沒有心臟病的病史。","我 头 很 晕 , 但 是 我 没 有 心 脏 病 的 病 史 。","とてもめまいがしますが、心臓病の既往歴はありません。","3731","4320","956","933","1812","4855","true","true","1","0.067","5","5","","譯文非常準確且自然，完整傳達了原文的意思，日語表達也十分流暢。","true"
"T037","en","1","emergency","number","我的房間號碼是七〇二,我朋友昏倒了。","我 的 房 间 号 码 是 702 , 我 朋 友 昏 倒 了 。","My room number is 702, my friend passed out.","5811","3611","914","914","1595","6914","true","true","0.773","0.25","5","5","","The translation is highly accurate and natural, perfectly conveying the meaning of the source text without any errors.","true"
"T037","en","2","emergency","number","我的房間號碼是七〇二,我朋友昏倒了。","我 的 房 间 号 码 是 702 , 我 朋 友 昏 倒 了 。","My room number is 702, and my friend has passed out.","5811","3780","931","931","1627","6931","true","true","0.909","0.25","5","5","","The translation is highly accurate and natural, perfectly conveying the meaning of the source text without any errors.","true"
"T037","en","3","emergency","number","我的房間號碼是七〇二,我朋友昏倒了。","我 的 房 间 号 码 是 702 , 我 朋 友 昏 倒 了 。","My room number is 702, my friend passed out.","5811","3641","974","974","1752","6974","true","true","0.773","0.25","5","5","","The machine translation is highly accurate and natural. It perfectly conveys the meaning of the source text with correct numbers and appropriate vocabulary ('passed out' for '昏倒了').","true"
"T037","ja","1","emergency","number","我的房間號碼是七〇二,我朋友昏倒了。","我 的 房 间 号 码 是 702 , 我 朋 友 昏 倒 了 。","私の部屋番号は702です。友達が気を失っています。","5811","4980","937","933","1964","6940","true","true","1.278","0.25","5","5","","譯文非常準確且自然。「昏倒」翻譯為「気を失っています」（失去意識），在日語情境中非常道地且符合緊急狀況的語氣，語意完全忠實，流暢度極佳。","true"
"T037","ja","2","emergency","number","我的房間號碼是七〇二,我朋友昏倒了。","我 的 房 间 号 码 是 702 , 我 朋 友 昏 倒 了 。","私の部屋番号は702です。友達が気を失いました。","5811","4880","928","927","1958","6929","true","true","1.222","0.25","5","5","","機器譯文非常準確且自然。「昏倒」翻譯為「気を失いました」（失去意識/昏厥），語意十分貼切，完全符合原文意思，且日語表達流暢無瑕疵。","true"
"T037","ja","3","emergency","number","我的房間號碼是七〇二,我朋友昏倒了。","我 的 房 间 号 码 是 702 , 我 朋 友 昏 倒 了 。","私の部屋番号は702です。友達が気絶しました。","5811","4941","915","915","3437","6916","true","true","1.167","0.25","5","5","","譯文非常準確且自然。「七〇二」正確翻譯為「702」，「昏倒了」翻譯為「気絶しました」亦十分貼切，語意完全忠實，語句流暢。","true"
"T038","en","1","emergency","negation","我不能打青黴素,我會過敏。","我 不 能 打 青 霉 素 , 我 会 过 敏 。","I can't take penicillin, I'm allergic.","2611","2320","932","927","1435","3732","true","true","0.879","0","5","5","","The machine translation is highly accurate and natural, perfectly conveying the meaning of the source text.","true"
"T038","en","2","emergency","negation","我不能打青黴素,我會過敏。","我 不 能 打 青 霉 素 , 我 会 过 敏 。","I can't take penicillin; I'm allergic.","2611","2040","998","974","1331","3799","true","true","0.879","0","5","5","","The machine translation is highly accurate and natural. It perfectly conveys the meaning of the source text ('我不能打青黴素,我會過敏') as 'I can't take penicillin; I'm allergic', which is grammatically correct and idiomatic.","true"
"T038","en","3","emergency","negation","我不能打青黴素,我會過敏。","我 不 能 打 青 霉 素 , 我 会 过 敏 。","I can't take penicillin; I'm allergic.","2611","2250","1061","1061","1421","3861","true","true","0.879","0","5","5","","The machine translation is highly accurate and natural, perfectly conveying the meaning of the source text without any errors.","true"
"T038","ja","1","emergency","negation","我不能打青黴素,我會過敏。","我 不 能 打 青 霉 素 , 我 会 过 敏 。","私はペニシリンを注射できません。アレルギーがあります。","2611","3881","948","926","1964","3748","true","true","1.136","0","5","4","","譯文完整且準確地傳達了原文的意思。日文表達「私はペニシリンを注射できません」稍微有些生硬（在日語中「注射する」通常是醫護人員的動作，不過此處意思仍可被理解），但語意依然清晰，後半句「アレルギーがあります」非常自然。整體而言，忠實度極高，流暢度良好。","true"
"T038","ja","2","emergency","negation","我不能打青黴素,我會過敏。","我 不 能 打 青 霉 素 , 我 会 过 敏 。","私はペニシリンを注射できません。アレルギーがあるからです。","2611","3980","914","914","1959","3714","true","true","1.227","0","5","5","","譯文準確且完整地傳達了原文的意思，日語表達非常自然流暢，文法正確，無任何錯誤旗標。","true"
"T038","ja","3","emergency","negation","我不能打青黴素,我會過敏。","我 不 能 打 青 霉 素 , 我 会 过 敏 。","私はペニシリンを注射できません。アレルギーがあります。","2611","4020","1030","1030","1836","3830","true","true","1.136","0","5","4","","譯文完整且準確地傳達了原文的意思。日文表達「私はペニシリンを注射できません」稍微比參考譯文的「ペニシリンは打てません」冗長一些，但語意完全正確且符合文法。","true"
"T039","en","1","appointment","number","我想預約明天下午三點,兩個大人。","我 想 预 约 明 天 下 午 3 点 , 两 个 大 人 。","I'd like to make a reservation for tomorrow afternoon at 3 PM for two adults.","3691","4110","927","926","1827","4727","true","true","1.089","0.071","5","5","","The machine translation is exceptionally accurate and natural. It perfectly conveys all the information from the source text, including the date, time, and number of people, with native-level fluency.","true"
"T039","en","2","appointment","number","我想預約明天下午三點,兩個大人。","我 想 预 约 明 天 下 午 3 点 , 两 个 大 人 。","I'd like to make a reservation for tomorrow at 3 PM, for two adults.","3691","3941","1080","1080","2189","4881","true","true","0.929","0.071","5","5","","The translation is perfect, completely accurate, and natural, matching the reference translation almost exactly.","true"
"T039","en","3","appointment","number","我想預約明天下午三點,兩個大人。","我 想 预 约 明 天 下 午 3 点 , 两 个 大 人 。","I'd like to make a reservation for two adults at 3 PM tomorrow.","3691","3921","977","955","1917","4777","true","true","0.875","0.071","5","5","","The machine translation is highly accurate and natural, capturing all elements of the source text perfectly without any errors.","true"
"T039","ja","1","appointment","number","我想預約明天下午三點,兩個大人。","我 想 预 约 明 天 下 午 3 点 , 两 个 大 人 。","明日の午後3時に、大人2人で予約したいです。","3691","4351","1036","935","2908","4836","true","true","1","0.071","5","5","","譯文與參考譯文完全一致，語意準確且表達非常自然。","true"
"T039","ja","2","appointment","number","我想預約明天下午三點,兩個大人。","我 想 预 约 明 天 下 午 3 点 , 两 个 大 人 。","明日の午後3時で、大人2名で予約したいです。","3691","3620","954","951","1853","4753","true","true","1","0.071","5","5","","譯文非常準確且自然。「大人2名」在預約情境中甚至比參考譯文的「大人2人」更為得體、禮貌。整體語意完全忠實，流暢度極佳。","true"
"T039","ja","3","appointment","number","我想預約明天下午三點,兩個大人。","我 想 预 约 明 天 下 午 3 点 , 两 个 大 人 。","明日の午後3時に、大人二名で予約をしたいです。","3691","3551","986","986","1618","4787","true","true","1.05","0.071","5","5","","譯文非常準確且自然，與參考譯文幾乎一致，僅在量詞上使用了更為客氣的「二名」，完全符合日語口語表達習慣。","true"
"T040","en","1","appointment","negation","不好意思,我想把預約從星期五改到星期六,不是取消。","不 好 意 思 , 我 想 把 预 约 从 星 期 五 改 到 星 期 六 , 不 是 取 消 。","Excuse me, I'd like to change my reservation from Friday to Saturday, not cancel it.","6491","5140","927","923","2135","7527","true","true","1","0","5","5","","The translation is accurate, natural, and matches the reference translation almost perfectly.","true"
"T040","en","2","appointment","negation","不好意思,我想把預約從星期五改到星期六,不是取消。","不 好 意 思 , 我 想 把 预 约 从 星 期 五 改 到 星 期 六 , 不 是 取 消 。","Excuse me, I'd like to change my reservation from Friday to Saturday, not cancel it.","6491","5330","923","923","2354","7522","true","true","1","0","5","5","","The machine translation is exceptionally accurate and natural, perfectly conveying the meaning of the source text with no errors.","true"
"T040","en","3","appointment","negation","不好意思,我想把預約從星期五改到星期六,不是取消。","不 好 意 思 , 我 想 把 预 约 从 星 期 五 改 到 星 期 六 , 不 是 取 消 。","Excuse me, I'd like to change my appointment from Friday to Saturday, not cancel it.","6491","5340","936","936","2201","7536","true","true","1","0","5","5","","The translation is highly accurate and natural. It perfectly conveys the meaning of the source text without any errors. 'appointment' is an appropriate translation for '預約'.","true"
"T040","ja","1","appointment","negation","不好意思,我想把預約從星期五改到星期六,不是取消。","不 好 意 思 , 我 想 把 预 约 从 星 期 五 改 到 星 期 六 , 不 是 取 消 。","申し訳ありません。予約を金曜日から土曜日に変更したいのです。キャンセルではありません。","6491","6800","1087","971","3509","7686","true","true","1.081","0","5","5","","機器譯文非常準確且自然地翻譯了原文的所有訊息，語氣也十分得體，與參考譯文幾乎一致。","true"
"T040","ja","2","appointment","negation","不好意思,我想把預約從星期五改到星期六,不是取消。","不 好 意 思 , 我 想 把 预 约 从 星 期 五 改 到 星 期 六 , 不 是 取 消 。","すみません、予約を金曜日から土曜日に変更したいのです。キャンセルではなくて。","6491","6340","937","919","2647","7537","true","true","0.946","0","5","5","","譯文非常準確且自然，完整傳達了原文「想將預約從週五改到週六，而非取消」的意思，日語口語表達十分道地。","true"
"T040","ja","3","appointment","negation","不好意思,我想把預約從星期五改到星期六,不是取消。","不 好 意 思 , 我 想 把 预 约 从 星 期 五 改 到 星 期 六 , 不 是 取 消 。","申し訳ありません、予約を金曜日から土曜日に変更したいのです。キャンセルではありません。","6491","6300","951","951","3044","7550","true","true","1.081","0","5","5","","譯文非常準確且自然，與參考譯文幾乎完全一致，完整傳達了原文的所有語意，無任何錯誤。","true"
"T041","en","1","appointment","number|sentence-final","如果三點沒有位子的話,四點也可以。","如 果 三 点 没 有 位 子 的 话 , 四 点 也 可 以 。","If there are no seats at three, four is also fine.","3291","3160","943","922","1566","4342","true","true","0.776","0","5","5","","The machine translation is highly accurate and natural. It perfectly conveys the meaning of the source text with correct grammar and phrasing.","true"
"T041","en","2","appointment","number|sentence-final","如果三點沒有位子的話,四點也可以。","如 果 三 点 没 有 位 子 的 话 , 四 点 也 可 以 。","If there aren't seats at 3, 4 is also fine.","3291","2670","946","946","1495","4347","true","true","0.633","0","5","5","","The machine translation is highly accurate and natural. It perfectly conveys the meaning of the source text with correct grammar and phrasing.","true"
"T041","en","3","appointment","number|sentence-final","如果三點沒有位子的話,四點也可以。","如 果 三 点 没 有 位 子 的 话 , 四 点 也 可 以 。","If there aren't seats at 3:00, 4:00 would work too.","3291","2700","921","921","1469","4320","true","true","0.755","0","5","5","","The machine translation is highly accurate and natural, perfectly conveying the meaning of the source text with correct grammar and phrasing.","true"
"T041","ja","1","appointment","number|sentence-final","如果三點沒有位子的話,四點也可以。","如 果 三 点 没 有 位 子 的 话 , 四 点 也 可 以 。","もし3時に席がなければ、4時でも構いません。","3291","3730","951","949","1839","4350","true","true","1.111","0","5","5","","機器譯文非常準確且自然地翻譯了原文的意思，與參考譯文幾乎一致，語意完全忠實，日語表達也十分流暢。","true"
"T041","ja","2","appointment","number|sentence-final","如果三點沒有位子的話,四點也可以。","如 果 三 点 没 有 位 子 的 话 , 四 点 也 可 以 。","もし3時に席がなければ、4時でも構いません。","3291","3380","944","944","1801","4344","true","true","1.111","0","5","5","","機器譯文非常準確且自然地翻譯了原文的意思，與參考譯文幾乎一致，語意完全忠實，日語表達也十分流暢。","true"
"T041","ja","3","appointment","number|sentence-final","如果三點沒有位子的話,四點也可以。","如 果 三 点 没 有 位 子 的 话 , 四 点 也 可 以 。","もし3時に空きがなければ、4時でも構いません。","3291","2910","1017","1016","2081","4417","true","true","1.167","0","5","5","","譯文非常準確且自然，完整傳達了原文的意思，日文表達十分流暢。","true"
"T042","en","1","appointment","code-switch|number|proper-noun","我可以用 email 確認預約嗎?我的班機是 BR198。","我 可 以 用 email 确 认 预 约 吗 ? 我 的 班 机 是 BR198 。","Can I confirm the booking by email? My flight is BR198.","6171","4481","1208","1177","2341","7508","true","true","0.915","0.042","5","5","","The translation is highly accurate and natural. 'booking' is a perfect synonym for 'reservation' in this context, and the flight number is correctly translated.","true"
"T042","en","2","appointment","code-switch|number|proper-noun","我可以用 email 確認預約嗎?我的班機是 BR198。","我 可 以 用 email 确 认 预 约 吗 ? 我 的 班 机 是 BR198 。","Can I confirm my booking by email? My flight is BR198.","6171","4160","1077","1054","2612","7376","true","true","0.894","0.042","5","5","","The translation is highly accurate and natural, perfectly conveying the meaning of the source text with no errors.","true"
"T042","en","3","appointment","code-switch|number|proper-noun","我可以用 email 確認預約嗎?我的班機是 BR198。","我 可 以 用 email 确 认 预 约 吗 ? 我 的 班 机 是 BR198 。","Can I confirm my booking via email? My flight is BR198.","6171","4281","1210","1118","2690","7510","true","true","0.915","0.042","5","5","","譯文非常準確且自然，完整傳達了原文的所有訊息，與參考譯文語意完全一致。","true"
"T042","ja","1","appointment","code-switch|number|proper-noun","我可以用 email 確認預約嗎?我的班機是 BR198。","我 可 以 用 email 确 认 预 约 吗 ? 我 的 班 机 是 BR198 。","メールで予約を確認できますか?私の便は BR198です。","6171","6281","967","944","2646","7267","true","true","0.781","0.042","5","5","","譯文非常準確且自然。「メールで予約を確認できますか?」完美對應「我可以用 email 確認預約嗎?」，「私の便は BR198です。」也準確翻譯了「我的班機是 BR198。」，無任何錯誤。","true"
"T042","ja","2","appointment","code-switch|number|proper-noun","我可以用 email 確認預約嗎?我的班機是 BR198。","我 可 以 用 email 确 认 预 约 吗 ? 我 的 班 机 是 BR198 。","メールで予約を確認することはできますか?私の便はBR198です。","6171","6010","964","963","2464","7264","true","true","0.938","0.042","5","5","","譯文非常準確且自然，完整傳達了原文的所有訊息，文法與用詞皆無誤。","true"
"T042","ja","3","appointment","code-switch|number|proper-noun","我可以用 email 確認預約嗎?我的班機是 BR198。","我 可 以 用 email 确 认 预 约 吗 ? 我 的 班 机 是 BR198 。","メールで予約を確認できますか?便名はBR198です。","6171","4970","1025","1018","2392","7325","true","true","0.75","0.042","5","5","","譯文非常準確且自然，完整傳達了原文的所有訊息，日文表達十分流暢且符合語境。","true"
"T043","en","1","appointment","negation|honorific","請問最晚可以幾點取消,而不用付取消費?","请 问 最 晚 可 以 几 点 取 消 , 而 不 用 付 取 消 费 ?","What's the latest time I can cancel without a charge?","4411","3000","941","918","1550","5541","true","true","0.792","0","5","5","","The machine translation is highly accurate and natural. It perfectly conveys the meaning of the source text with correct grammar and phrasing.","true"
"T043","en","2","appointment","negation|honorific","請問最晚可以幾點取消,而不用付取消費?","请 问 最 晚 可 以 几 点 取 消 , 而 不 用 付 取 消 费 ?","What is the latest time I can cancel without paying a cancellation fee?","4411","4461","933","933","1942","5534","true","true","1.094","0","5","5","","The machine translation is exceptionally accurate and natural, perfectly conveying the meaning of the source text without any errors.","true"
"T043","en","3","appointment","negation|honorific","請問最晚可以幾點取消,而不用付取消費?","请 问 最 晚 可 以 几 点 取 消 , 而 不 用 付 取 消 费 ?","May I ask what the latest time is to cancel without being charged for it?","4411","4220","918","918","1847","5516","true","true","1.094","0","5","5","","The machine translation is highly accurate and natural. It perfectly conveys the meaning of the source text, including the polite opening 'May I ask' and the condition of not being charged for cancellation.","true"
"T043","ja","1","appointment","negation|honorific","請問最晚可以幾點取消,而不用付取消費?","请 问 最 晚 可 以 几 点 取 消 , 而 不 用 付 取 消 费 ?","キャンセル料を支払わずに、一番遅くて何時までキャンセルできますか?","4411","5000","931","926","2274","5531","true","false","1.148","0","5","5","","機器譯文非常準確且自然地翻譯了原文的意思，文法完全正確，語氣也十分得體。","true"
"T043","ja","2","appointment","negation|honorific","請問最晚可以幾點取消,而不用付取消費?","请 问 最 晚 可 以 几 点 取 消 , 而 不 用 付 取 消 费 ?","キャンセル料を支払わずに、一番遅くて何時までにキャンセルできますか?","4411","4880","942","939","2070","5542","true","false","1.185","0","5","5","","機器譯文非常準確且自然地翻譯了原文的所有意思，文法完全正確，符合日語母語者的表達習慣。","true"
"T043","ja","3","appointment","negation|honorific","請問最晚可以幾點取消,而不用付取消費?","请 问 最 晚 可 以 几 点 取 消 , 而 不 用 付 取 消 费 ?","キャンセル料を払わずにキャンセルできるのは、遅くとも何時までですか?","4411","4830","959","959","2147","5559","true","false","1.185","0","5","5","","機器譯文非常準確且自然地翻譯了原文的所有意思，文法完全正確，語氣也十分得體。","true"
"T044","en","1","appointment","number","我們會晚三十分鐘到,位子可以保留嗎?","我 们 会 晚 三 十 分 钟 到 , 位 子 可 以 保 留 吗 ?","We will be 30 minutes late, can you hold our seats?","4211","2860","1008","1008","1666","5409","true","true","0.848","0","5","5","","The translation is highly accurate and natural, perfectly conveying the meaning of the source text without any errors.","true"
"T044","en","2","appointment","number","我們會晚三十分鐘到,位子可以保留嗎?","我 们 会 晚 三 十 分 钟 到 , 位 子 可 以 保 留 吗 ?","We will be 30 minutes late; can the reservation be held?","4211","3511","1017","1017","2055","5416","true","true","0.957","0","5","5","","The translation is highly accurate and natural. It conveys the exact meaning of the source text without any errors.","true"
"T044","en","3","appointment","number","我們會晚三十分鐘到,位子可以保留嗎?","我 们 会 晚 三 十 分 钟 到 , 位 子 可 以 保 留 吗 ?","We will be 30 minutes late, can you hold the table?","4211","2890","1038","1038","1456","5437","true","true","0.848","0","5","5","","The machine translation is highly accurate and natural, conveying the exact meaning of the source text. It is grammatically correct and matches the reference translation closely.","true"
"T044","ja","1","appointment","number","我們會晚三十分鐘到,位子可以保留嗎?","我 们 会 晚 三 十 分 钟 到 , 位 子 可 以 保 留 吗 ?","30分ほど到着が遅れますが、席は確保していただけますか?","4211","5100","959","937","2765","5359","true","true","1.083","0","5","5","","機器譯文非常準確且自然，完整傳達了原文的意思，語氣也十分得體。","true"
"T044","ja","2","appointment","number","我們會晚三十分鐘到,位子可以保留嗎?","我 们 会 晚 三 十 分 钟 到 , 位 子 可 以 保 留 吗 ?","30分ほど遅れて到着しますが、席は確保していただけますか?","4211","4840","995","995","1972","5395","true","true","1.125","0","5","5","","譯文非常準確且自然，完整傳達了原文的意思，敬語使用也十分得體。","true"
"T044","ja","3","appointment","number","我們會晚三十分鐘到,位子可以保留嗎?","我 们 会 晚 三 十 分 钟 到 , 位 子 可 以 保 留 吗 ?","30分遅れますが、席は確保できますか?","4211","3380","973","973","1609","5373","true","true","0.708","0","5","5","","譯文非常準確且自然，完整傳達了原文「我們會晚三十分鐘到，位子可以保留嗎？」的意思，日語表達十分流暢且得體。","true"
"T045","en","1","smalltalk","honorific","謝謝你的幫忙,今天真的麻煩你了。","谢 谢 你 的 帮 忙 , 今 天 真 的 麻 烦 你 了 。","Thank you for your help, I really appreciate it today.","3091","2650","946","946","2332","4146","true","true","0.843","0","5","5","","The translation is highly accurate and natural. The phrase '麻煩你了' is appropriately and politely translated as 'I really appreciate it', which fits the context perfectly.","true"
"T045","en","2","smalltalk","honorific","謝謝你的幫忙,今天真的麻煩你了。","谢 谢 你 的 帮 忙 , 今 天 真 的 麻 烦 你 了 。","Thank you for your help. I really put you out today.","3091","2520","925","925","1399","4125","true","true","0.784","0","5","4","","The translation is accurate and conveys the original meaning well. 'Thank you for your help' is a perfect translation of the first clause. 'I really put you out today' correctly translates '今天真的麻煩你了' (meaning 'I really inconvenienced you today'), though the phrasing 'put you out' is slightly less common in this exact declarative structure than 'I'm sorry to have put you out' or 'I really appreciate your help'.","true"
"T045","en","3","smalltalk","honorific","謝謝你的幫忙,今天真的麻煩你了。","谢 谢 你 的 帮 忙 , 今 天 真 的 麻 烦 你 了 。","Thank you for your help, I really appreciate it today.","3091","2880","936","935","1449","4135","true","true","0.843","0","5","5","","The translation is highly accurate and natural. The phrase '麻煩你了' is appropriately and politely translated as 'I really appreciate it', which fits the context perfectly.","true"
"T045","ja","1","smalltalk","honorific","謝謝你的幫忙,今天真的麻煩你了。","谢 谢 你 的 帮 忙 , 今 天 真 的 麻 烦 你 了 。","助けていただきありがとうございます。今日は本当にお手数をおかけしました。","3091","5030","945","944","2222","4146","true","true","1","0","5","5","","譯文非常準確且自然，完整傳達了原文的謝意與客氣。使用「助けていただき」與「お手数をおかけしました」符合日文的禮貌表達，與參考譯文一樣好。","true"
"T045","ja","2","smalltalk","honorific","謝謝你的幫忙,今天真的麻煩你了。","谢 谢 你 的 帮 忙 , 今 天 真 的 麻 烦 你 了 。","助けていただきありがとうございます。今日は、本当にお手数をおかけしました。","3091","4441","968","944","1991","4167","true","true","1","0","5","5","","譯文非常準確且自然。「助けていただきありがとうございます」與「お手数をおかけしました」皆為非常得體且符合日文習慣的敬語表達，完美傳達了原文的謝意與客氣。","true"
"T045","ja","3","smalltalk","honorific","謝謝你的幫忙,今天真的麻煩你了。","谢 谢 你 的 帮 忙 , 今 天 真 的 麻 烦 你 了 。","手伝ってくださりありがとうございます。今日は本当にご不便をおかけしました。","3091","4960","925","925","2035","4125","true","true","1.029","0","4","4","","「麻煩你了」在此處表示感謝對方為自己費心、添麻煩，日文常譯為「お世話になりました」或「お手数をおかけしました」。「ご不便をおかけしました」意為「給您帶來不便」，通常用於商家對顧客因服務中斷等造成不便時的道歉，在此語境下不夠貼切，但文法與語氣依然流暢。","true"
"T046","en","1","smalltalk","","你的中文說得真好,是在哪裡學的?","你 的 中 文 说 得 真 好 , 是 在 哪 里 学 的 ?","Your Chinese is really good, where did you learn it?","3411","3160","1038","1038","1547","4638","true","true","1","0","5","5","","The machine translation is highly accurate and natural, capturing the exact meaning of the source text and matching the reference translation almost perfectly.","true"
"T046","en","2","smalltalk","","你的中文說得真好,是在哪裡學的?","你 的 中 文 说 得 真 好 , 是 在 哪 里 学 的 ?","Your Chinese is really good, where did you learn it?","3411","2880","1035","1034","1554","4634","true","true","1","0","5","5","","The machine translation is highly accurate and natural, capturing the exact meaning of the source text and matching the reference translation almost perfectly.","true"
"T046","en","3","smalltalk","","你的中文說得真好,是在哪裡學的?","你 的 中 文 说 得 真 好 , 是 在 哪 里 学 的 ?","Your Chinese is really good, where did you learn it?","3411","3091","1029","1029","1512","4629","true","true","1","0","5","5","","The machine translation is highly accurate and natural, capturing the exact meaning of the source text and matching the reference translation almost perfectly.","true"
"T046","ja","1","smalltalk","","你的中文說得真好,是在哪裡學的?","你 的 中 文 说 得 真 好 , 是 在 哪 里 学 的 ?","中国語が本当にお上手ですね。どこで勉強されたんですか?","3411","4130","1005","1004","3086","4605","true","true","1.087","0","5","5","","譯文非常準確且自然，完美傳達了原文的意思，且日語敬語使用得當，語氣十分自然。","true"
"T046","ja","2","smalltalk","","你的中文說得真好,是在哪裡學的?","你 的 中 文 说 得 真 好 , 是 在 哪 里 学 的 ?","中国語が本当に上手ですね。どこで勉強しましたか?","3411","3290","996","996","2148","4596","true","true","0.957","0","5","5","","譯文非常準確且自然，完整傳達了原文的意思，日語表達也十分流暢得體。","true"
"T046","ja","3","smalltalk","","你的中文說得真好,是在哪裡學的?","你 的 中 文 说 得 真 好 , 是 在 哪 里 学 的 ?","中国語が本当にお上手ですね。どこで習ったんですか?","3411","4200","1083","1082","1978","4683","true","true","1","0","5","5","","譯文非常準確且自然，與參考譯文幾乎完全一致，語意完整傳達，敬語使用也十分得體。","true"
"T047","en","1","smalltalk","sentence-final|proper-noun","日本的夏天很熱,不過我覺得台北更熱。","日 本 的 夏 天 很 热 , 不 过 我 觉 得 台 北 更 热 。","Japan's summers are very hot, but I think Taipei is even hotter.","4011","4440","1171","1131","2000","5371","true","true","1.111","0","5","5","","The translation is highly accurate and natural, perfectly conveying the meaning of the source text with no errors.","true"
"T047","en","2","smalltalk","sentence-final|proper-noun","日本的夏天很熱,不過我覺得台北更熱。","日 本 的 夏 天 很 热 , 不 过 我 觉 得 台 北 更 热 。","The summer in Japan is very hot, but I think Taipei is even hotter.","4011","4170","957","957","1890","5156","true","true","1.156","0","5","5","","The translation is accurate and natural, perfectly conveying the meaning of the source text with no errors.","true"
"T047","en","3","smalltalk","sentence-final|proper-noun","日本的夏天很熱,不過我覺得台北更熱。","日 本 的 夏 天 很 热 , 不 过 我 觉 得 台 北 更 热 。","Japan's summer is hot, but I think Taipei is even hotter.","4011","3600","997","978","1572","5195","true","true","0.978","0","5","5","","The translation is highly accurate and natural, perfectly conveying the meaning of the source text with no errors.","true"
"T047","ja","1","smalltalk","sentence-final|proper-noun","日本的夏天很熱,不過我覺得台北更熱。","日 本 的 夏 天 很 热 , 不 过 我 觉 得 台 北 更 热 。","日本の夏は暑いですが、台北のほうがもっと暑いと思います。","4011","4630","975","973","1918","5175","true","true","0.929","0","5","5","","譯文非常準確且自然，完美傳達了原文的所有語意。「日本の夏は暑いですが」對應「日本的夏天很熱，不過」，「台北のほうがもっと暑いと思います」對應「我覺得台北更熱」，文法與用詞皆無可挑剔。","true"
"T047","ja","2","smalltalk","sentence-final|proper-noun","日本的夏天很熱,不過我覺得台北更熱。","日 本 的 夏 天 很 热 , 不 过 我 觉 得 台 北 更 热 。","日本の夏はとても暑いですが、台北のほうがもっと暑いと思います。","4011","4860","943","938","1956","5143","true","true","1.036","0","5","5","","譯文完整且準確地翻譯了原文的意思，文法正確，表達非常自然。","true"
"T047","ja","3","smalltalk","sentence-final|proper-noun","日本的夏天很熱,不過我覺得台北更熱。","日 本 的 夏 天 很 热 , 不 过 我 觉 得 台 北 更 热 。","日本の夏はとても暑いですが、台北の方がもっと暑いと思います。","4011","5000","931","931","1956","5131","true","true","1","0","5","5","","譯文非常準確且自然，完整傳達了原文的意思，語句流暢，與參考譯文意思完全一致。","true"
"T048","en","1","smalltalk","negation","不用了,謝謝,我只是看看而已。","不 用 了 , 谢 谢 , 我 只 是 看 看 而 已 。","No thanks, I'm just browsing.","2811","1670","972","972","1133","3979","true","true","1.048","0","5","5","","譯文非常準確且自然。「I'm just browsing」完美地傳達了「我只是看看而已」在購物情境中的意思，甚至比參考譯文更道地。","true"
"T048","en","2","smalltalk","negation","不用了,謝謝,我只是看看而已。","不 用 了 , 谢 谢 , 我 只 是 看 看 而 已 。","No thanks, I'm just browsing.","2811","1540","1210","1209","1503","4209","true","true","1.048","0","5","5","","The translation is highly accurate and natural. 'Browsing' is a perfect equivalent for 'just looking' in a retail context.","true"
"T048","en","3","smalltalk","negation","不用了,謝謝,我只是看看而已。","不 用 了 , 谢 谢 , 我 只 是 看 看 而 已 。","No, thank you, I'm just browsing.","2811","2050","1027","1026","1408","4026","true","true","1.143","0","5","5","","The translation is highly accurate and natural. 'I'm just browsing' is an excellent and idiomatic translation for '我只是看看而已' in a shopping context.","true"
"T048","ja","1","smalltalk","negation","不用了,謝謝,我只是看看而已。","不 用 了 , 谢 谢 , 我 只 是 看 看 而 已 。","結構です、ありがとうございます。ちょっと見ているだけですので。","2811","3670","1179","1177","2411","4178","true","true","0.966","0","5","5","","譯文非常準確且自然，與參考譯文幾乎完全一致，語氣禮貌且符合日語習慣。","true"
"T048","ja","2","smalltalk","negation","不用了,謝謝,我只是看看而已。","不 用 了 , 谢 谢 , 我 只 是 看 看 而 已 。","いいえ、結構です。ただ見ているだけですので。","2811","3200","1044","973","1673","4045","true","true","0.655","0","4","5","omission","譯文漏譯了「謝謝」（ありがとうございます），其餘部分翻譯得非常自然且準確。","true"
"T048","ja","3","smalltalk","negation","不用了,謝謝,我只是看看而已。","不 用 了 , 谢 谢 , 我 只 是 看 看 而 已 。","結構です、ありがとうございます。ただ見ているだけです。","2811","3570","994","992","1708","3993","true","true","0.828","0","5","5","","譯文非常準確且自然，完整傳達了原文「不用了，謝謝，我只是看看而已」的意思，禮貌語氣也十分恰當。","true"
"T049","en","1","smalltalk","proper-noun","我是從台灣來的,第一次來大阪玩。","我 是 从 台 湾 来 的 , 第 一 次 来 大 阪 玩 。","I'm from Taiwan, and this is my first time visiting Osaka.","3811","3260","1027","1027","1598","5028","true","true","1.154","0","5","5","","The machine translation is highly accurate and natural. It perfectly conveys the meaning of the source text without any errors.","true"
"T049","en","2","smalltalk","proper-noun","我是從台灣來的,第一次來大阪玩。","我 是 从 台 湾 来 的 , 第 一 次 来 大 阪 玩 。","I'm from Taiwan, and this is my first time visiting Osaka.","3811","3460","954","952","1804","4954","true","true","1.154","0","5","5","","The machine translation is highly accurate and natural, perfectly conveying the meaning of the source text with excellent fluency.","true"
"T049","en","3","smalltalk","proper-noun","我是從台灣來的,第一次來大阪玩。","我 是 从 台 湾 来 的 , 第 一 次 来 大 阪 玩 。","I'm from Taiwan, and this is my first time visiting Osaka.","3811","3271","1007","1007","1743","5007","true","true","1.154","0","5","5","","The machine translation is highly accurate and natural. It perfectly conveys the meaning of the source text without any errors.","true"
"T049","ja","1","smalltalk","proper-noun","我是從台灣來的,第一次來大阪玩。","我 是 从 台 湾 来 的 , 第 一 次 来 大 阪 玩 。","台湾から来ました。大阪観光は初めてです。","3811","3890","989","989","1873","4988","true","true","0.783","0","5","5","","譯文非常準確且自然。「大阪観光は初めてです」完美地對應了「第一次來大阪玩」，語意忠實，日語表達也十分道地。","true"
"T049","ja","2","smalltalk","proper-noun","我是從台灣來的,第一次來大阪玩。","我 是 从 台 湾 来 的 , 第 一 次 来 大 阪 玩 。","台湾から来ました、大阪観光は最初めてです。","3811","3771","1053","985","2885","5053","true","true","0.826","0","5","3","","語意非常完整且忠實（Adequacy 5）。但在流暢度方面，「初めて」被誤寫為不存在的詞彙「最初めて」（混淆了『最初』與『初めて』），此為明顯的語法/拼寫錯誤，故流暢度給予 3 分。","true"
"T049","ja","3","smalltalk","proper-noun","我是從台灣來的,第一次來大阪玩。","我 是 从 台 湾 来 的 , 第 一 次 来 大 阪 玩 。","台湾から来ました。大阪に遊びに来たのは初めてです。","3811","3960","1205","1205","2032","5204","true","true","1","0","5","5","","譯文非常準確且自然。雖然第二句使用了過去式「来たのは」而參考譯文使用「来るのは」，但在說話者已經抵達大阪的當下，兩種說法在日語中都極為自然且常用，語意完全忠實。","true"
"T050","en","1","smalltalk","honorific","那就麻煩你了,之後再聯絡。","那 就 麻 烦 你 了 , 之 后 再 联 络 。","Then I'll leave it to you. I'll get back to you later.","2811","2930","937","937","1496","3938","true","true","1.219","0","5","5","","The machine translation is highly accurate and natural. 'Then I'll leave it to you' is a very appropriate translation for '那就麻煩你了' in this context, and 'I'll get back to you later' perfectly conveys '之後再聯絡'.","true"
"T050","en","2","smalltalk","honorific","那就麻煩你了,之後再聯絡。","那 就 麻 烦 你 了 , 之 后 再 联 络 。","Then I'll bother you with it, I'll be in touch later.","2811","2810","943","942","1408","3943","true","true","1.219","0","4","3","","The translation of '那就麻煩你了' as 'Then I'll bother you with it' is too literal and sounds unnatural in English, where 'Thanks in advance' or 'I'll leave it to you' is preferred. However, the overall meaning is preserved, and the second clause is translated accurately.","true"
"T050","en","3","smalltalk","honorific","那就麻煩你了,之後再聯絡。","那 就 麻 烦 你 了 , 之 后 再 联 络 。","Then I'll leave it to you. Let's get in touch later.","2811","3120","1004","1004","1882","4004","true","true","1.188","0","5","5","","機器譯文非常準確且自然地翻譯了原文的意思。「Then I'll leave it to you」對應「那就麻煩你了」，「Let's get in touch later」對應「之後再聯絡」，語意完整且流暢。","true"
"T050","ja","1","smalltalk","honorific","那就麻煩你了,之後再聯絡。","那 就 麻 烦 你 了 , 之 后 再 联 络 。","それでは、お手数ですがよろしくお願いします。また連絡します。","2811","4371","1028","993","2027","4027","true","true","1.286","0","5","5","","譯文非常準確且自然。「那就麻煩你了」翻譯為「それでは、お手数ですがよろしくお願いします」，語氣十分得體客氣；「之後再聯絡」翻譯為「また連絡します」亦完全符合原意，無任何錯誤。","true"
"T050","ja","2","smalltalk","honorific","那就麻煩你了,之後再聯絡。","那 就 麻 烦 你 了 , 之 后 再 联 络 。","では、よろしくお願いします。また連絡しますね。","2811","3360","971","970","1800","3970","true","true","0.952","0","5","5","","譯文非常準確且自然，完整傳達了原文的意思，語氣也十分貼切。","true"
"T050","ja","3","smalltalk","honorific","那就麻煩你了,之後再聯絡。","那 就 麻 烦 你 了 , 之 后 再 联 络 。","それでは、お願いします。また後ほどご連絡します。","2811","3580","959","958","1665","3960","true","true","1","0","5","5","","譯文非常準確且自然，完美傳達了原文的意思，日語表達十分流暢且符合禮貌規範。","true"